BrFactor_ADAPT,nChromoSi_AWSoM,PoyntingFluxPerBSi,LperpTimesSqrtBSi,StochasticExponent,BrMin,rMinWaveReflection,REALIZATIONS_ADAPT,PFSS,UseSurfaceWaveRefl,Outcomes,rmse_Ur,rmse_Np,rmse_B,rmse_T,shift,Tmin,Tmax
0.545294118,1.12941e18,639215.6863,213308.8235,0.29,5.477941176,1.101470588,3.0,1.0,1.0,1,96.46198048039298,6.21623529290879,4.179820553168785,71859.1794343127,2,0.2,0.8
0.555882353,4.98824e18,776470.5882,245073.5294,0.220588235,7.120098039,1.094607843,1.0,1.0,2.0,1,211.2246898970317,6.331280570839807,4.217432694840854,82731.97753046214,13,0.2,0.8
0.566470588,2.02353e18,866666.6667,186838.2353,0.31,8.00245098,1.075,9.0,1.0,1.0,1,122.25374701117882,5.715446356430543,3.9939493434174134,66315.11414027863,-1,0.2,0.8
0.577058824,4.0e18,384313.7255,108750.0,0.295882353,5.183823529,1.057352941,5.0,1.0,2.0,1,188.72105219859984,7.068033755489281,4.526583133285029,86599.06921619012,0,0.2,0.8
0.587647059,2.54118e18,450980.3922,148455.8824,0.205294118,5.526960784,1.131862745,9.0,1.0,1.0,1,114.29426366363822,6.668174958224323,4.375944081699293,65208.4293092503,4,0.2,0.8
0.598235294,1.57647e18,831372.549,115367.6471,0.194705882,6.75245098,1.00245098,1.0,1.0,2.0,1,161.44118477316837,6.156789690836062,4.207683047747245,83447.76107141569,6,0.2,0.8
0.608823529,3.36471e18,674509.8039,235808.8235,0.162941176,7.806372549,1.025,5.0,1.0,1.0,1,134.0169433532541,6.1873500676794215,4.176023719449188,76535.916488164,2,0.2,0.8
0.619411765,7.05882e17,560784.3137,61102.94118,0.218235294,6.360294118,1.034803922,6.0,1.0,2.0,1,128.70304094866827,6.619226490985786,4.385889105172667,65290.235016286584,2,0.2,0.8
0.63,1.69412e18,764705.8824,291397.0588,0.239411765,8.81127451,1.065196078,4.0,1.0,1.0,1,116.25869776568918,5.391150469588238,3.9081039671550775,63962.42645210709,5,0.2,0.8
2.588823529,4.07059e18,454901.9608,196102.9412,0.192352941,9.595588235,1.199509804,9.0,1.0,2.0,1,135.68711102158952,14.792587160312932,2.6901223192808925,66957.02419643449,-21,0.2,0.8
1.932352941,3.05882e18,976470.5882,181544.1176,0.327647059,7.169117647,1.15245098,1.0,1.0,1.0,1,107.86986476740681,36.62080281070108,3.7711550972641965,81274.04063223326,-33,0.2,0.8
0.725294118,1.22353e18,501960.7843,116691.1765,0.253529412,7.659313725,1.172058824,9.0,1.0,2.0,1,153.43019304706868,6.399787937751938,4.2006701840584695,83337.99708918098,8,0.2,0.8
0.672352941,1.64706e18,321568.6275,201397.0588,0.152352941,6.115196078,1.115196078,6.0,1.0,1.0,1,165.40586183908945,6.975691975207535,4.400732340648939,72951.63416679147,-4,0.2,0.8
0.682941176,5.64706e17,603921.5686,91544.11765,0.100588235,8.737745098,1.155392157,2.0,1.0,2.0,1,164.8271505129581,5.7645736971603325,4.039223168336586,79381.01092014484,9,0.2,0.8
0.693529412,3.64706e18,788235.2941,45220.58824,0.258235294,6.801470588,1.104411765,6.0,1.0,1.0,1,113.06381015082471,5.004439075023863,3.682365630660413,63988.0800093195,-3,0.2,0.8
0.704117647,2.4e18,858823.5294,209338.2353,0.114705882,9.424019608,1.136764706,8.0,1.0,2.0,1,215.76029100160957,5.778019924703798,3.958345505205298,116745.35943534323,5,0.2,0.8
0.714705882,4.32941e18,580392.1569,286102.9412,0.108823529,6.531862745,1.012254902,2.0,1.0,1.0,1,121.1258930752025,5.7829522597254455,4.147090021726376,69676.22699415317,6,0.2,0.8
0.651176471,2.94118e18,1.039215686e6,135220.5882,0.252352941,8.492647059,1.022058824,6.0,1.0,2.0,1,167.4081676394182,5.52565857378833,3.9049010685040875,60424.980924238844,1,0.2,0.8
0.735882353,4.75294e18,1.058823529e6,180220.5882,0.288823529,9.007352941,1.19754902,7.0,1.0,1.0,1,135.40535157015123,8.041132902004842,3.5059819657078513,74718.05268223755,-3,0.2,0.8
0.746470588,4.58824e18,509803.9216,53161.76471,0.227647059,8.762254902,1.001470588,12.0,1.0,2.0,1,140.3174796242633,6.516238556904265,4.318319210635794,87496.61289980575,-8,0.2,0.8
0.767647059,6.82353e17,505882.3529,255661.7647,0.126470588,7.218137255,1.075980392,3.0,1.0,1.0,1,111.65911064575525,6.05489395126426,4.144435148194318,61531.32167799051,2,0.2,0.8
0.799411765,3.38824e18,427450.9804,294044.1176,0.261764706,5.870098039,1.163235294,3.0,1.0,2.0,1,163.45492556426197,6.379018562680166,4.154811828946306,69654.5871447216,2,0.2,0.8
1.635882353,4.70588e18,800000.0,128602.9412,0.234705882,5.036764706,1.127941176,7.0,1.0,1.0,1,106.02225076457819,23.663027853976466,3.5439891121040503,80676.60598622703,-42,0.2,0.8
0.788823529,1.31765e18,701960.7843,172279.4118,0.207647059,8.24754902,1.046568627,3.0,1.0,2.0,1,128.7764839192827,5.606654089669133,3.8733419214621936,67469.38404994142,7,0.2,0.8
0.81,3.76471e17,960784.3137,229191.1765,0.262941176,9.325980392,1.005392157,5.0,1.0,1.0,1,102.19055947958913,6.140568354748915,3.462857637225773,76141.10714947418,-1,0.2,0.8
1.89,4.94118e17,1.047058824e6,190808.8235,0.148823529,5.257352941,1.140686275,5.0,1.0,2.0,1,132.68360646600055,51.659696403323146,4.652578087300325,85228.89286658434,-29,0.2,0.8
1.646470588,3.2e18,631372.549,100808.8235,0.321764706,8.149509804,1.008333333,6.0,1.0,1.0,1,114.58081662867953,15.54990804513167,3.527284042412367,86759.55253169448,-37,0.2,0.8
0.831176471,2.8e18,439215.6863,38602.94118,0.193529412,9.227941176,1.078921569,6.0,1.0,2.0,1,139.56286449671148,6.11618293041809,4.138111735521734,97991.38918907274,-10,0.2,0.8
2.038235294,2.65882e18,1.019607843e6,274191.1765,0.195882353,6.31127451,1.186764706,4.0,1.0,1.0,1,122.63391020319155,41.056712187743145,3.8798627045849443,76488.20553440726,-25,0.2,0.8
0.873529412,1.50588e18,549019.6078,250367.6471,0.167647059,9.276960784,1.159313725,4.0,1.0,2.0,1,150.88022927099428,5.541172262239252,3.9257015084553806,71471.27009965906,3,0.2,0.8
0.841764706,4.25882e18,349019.6078,99485.29412,0.101764706,7.316176471,1.106372549,8.0,1.0,1.0,1,131.33886575643217,6.349816512761413,4.19063755691271,81153.0625860529,-14,0.2,0.8
1.762941176,1.05882e18,337254.902,288750.0,0.331176471,6.899509804,1.150490196,10.0,1.0,2.0,1,101.13916449781146,4.579799688170546,3.2421279249267654,74159.1476876506,-27,0.2,0.8
0.884117647,3.45882e18,984313.7255,127279.4118,0.297058824,9.546568627,1.110294118,9.0,1.0,1.0,1,88.42477742541747,6.4283188224724634,3.2814480583515286,70317.1163515543,-5,0.2,0.8
1.148823529,3.81176e18,572549.0196,227867.6471,0.282941176,5.306372549,1.144607843,1.0,1.0,2.0,1,98.1146377256319,4.69630281017491,3.5937801521074504,66567.39142467432,-14,0.2,0.8
0.905294118,1.85882e18,835294.1176,221250.0,0.139411765,5.968137255,1.196568627,12.0,1.0,1.0,1,106.22089121811837,5.505993097733669,3.544061563584709,62103.57243269549,-11,0.2,0.8
0.915882353,3.74118e18,956862.7451,239779.4118,0.107647059,5.085784314,1.050490196,10.0,1.0,2.0,1,127.92313477015175,5.680192856824354,3.3954863175912733,59994.325544413725,-8,0.2,0.8
0.926470588,4.14118e18,725490.1961,80955.88235,0.217058824,9.448529412,1.068137255,1.0,1.0,1.0,1,72.12267955159487,4.6218311537743455,3.528713417417147,65634.55258514709,-2,0.2,0.8
0.937058824,8.70588e17,400000.0,133897.0588,0.117058824,9.742647059,1.113235294,3.0,1.0,2.0,1,173.67605606587483,6.0919419016759315,3.9537414239709263,95622.94620685224,-12,0.2,0.8
0.958235294,2.84706e18,815686.2745,193455.8824,0.235882353,6.213235294,1.042647059,5.0,1.0,1.0,1,82.32143893651941,4.94554299403499,3.307747389417077,71188.58592363862,-4,0.2,0.8
2.271176471,2.14118e18,666666.6667,35955.88235,0.154705882,7.144607843,1.171078431,2.0,1.0,2.0,1,137.24566953708518,31.85778707125935,3.7533300307699347,80635.94532349569,-10,0.2,0.8
0.968823529,2.35294e17,713725.4902,243750.0,0.335882353,8.566176471,1.09754902,7.0,1.0,1.0,1,81.22510177798469,5.010792657781554,3.4709086335669914,85888.14050244266,-11,0.2,0.8
0.979411765,2.42353e18,623529.4118,296691.1765,0.294705882,7.585784314,1.032843137,9.0,1.0,2.0,1,118.11177682697844,5.020319059528831,3.7242700577351715,69584.82326698578,1,0.2,0.8
1.011176471,5.17647e17,913725.4902,79632.35294,0.13,5.453431373,1.027941176,1.0,1.0,1.0,1,87.03299542732992,6.6786623917481025,3.3965490613914304,70173.62475460136,-8,0.2,0.8
1.000588235,4.68235e18,525490.1961,266250.0,0.212352941,5.600490196,1.176960784,8.0,1.0,2.0,1,124.19240646649318,5.061198084370505,3.838343747160514,65370.84946434939,-6,0.2,0.8
0.99,3.6e18,905882.3529,169632.3529,0.172352941,7.43872549,1.083823529,7.0,1.0,1.0,1,88.94977448839994,6.517211059063724,3.290294342542773,68838.27495010514,-11,0.2,0.8
1.021764706,2.87059e18,768627.451,65073.52941,0.105294118,8.026960784,1.118137255,4.0,1.0,2.0,1,115.6101078958818,6.230658101883419,3.5459615539383496,74863.40422141949,-24,0.2,0.8
1.032352941,4.47059e17,364705.8824,204044.1176,0.228823529,8.198529412,1.148529412,2.0,1.0,1.0,1,100.18093402542523,5.831070475867136,4.031805393000736,74271.88790933178,-13,0.2,0.8
1.042941176,4.61176e18,807843.1373,121985.2941,0.333529412,8.345588235,1.05245098,10.0,1.0,2.0,1,76.81453462850855,5.891222316011887,3.4495877818452843,72798.43280833327,-22,0.2,0.8
2.662941176,2.07059e18,462745.098,151102.9412,0.281764706,9.080882353,1.103431373,10.0,1.0,1.0,1,124.27627495145961,17.86173849692741,2.6087515933585532,76251.39867274262,-20,0.2,0.8
1.064117647,2.49412e18,564705.8824,78308.82353,0.232352941,9.693627451,1.165196078,10.0,1.0,2.0,1,93.86801777580521,5.134683128000322,3.634987811843386,76109.88206208014,-29,0.2,0.8
1.254705882,7.76471e17,780392.1569,164338.2353,0.161764706,9.399509804,1.180882353,3.0,1.0,1.0,1,82.05397085139045,10.263185153344692,3.3183632016343325,72945.64997906568,-27,0.2,0.8
2.080588235,4.16471e18,407843.1373,67720.58824,0.146470588,8.296568627,1.183823529,3.0,1.0,2.0,1,103.21312376951144,9.220711070489655,2.988556969944064,68270.75666213485,-28,0.2,0.8
1.095882353,4.0e17,482352.9412,88897.05882,0.300588235,7.389705882,1.045588235,7.0,1.0,1.0,1,92.75505464450919,4.957076902042828,3.8506421309474255,82268.90931562174,-44,0.2,0.8
1.106470588,3.17647e18,847058.8235,262279.4118,0.275882353,8.615196078,1.194607843,6.0,1.0,2.0,1,101.27839205515049,6.735976245183673,3.137316358056638,64791.95769541401,-8,0.2,0.8
1.117058824,4.56471e18,662745.098,173602.9412,0.128823529,8.835784314,1.124019608,6.0,1.0,1.0,1,98.87502211200697,5.679749564320197,3.666519508352313,81342.06628222957,-27,0.2,0.8
1.127647059,3.92941e18,305882.3529,30661.76471,0.304117647,8.982843137,1.158333333,8.0,1.0,2.0,1,104.35483508864954,5.815843086711001,4.033784474391884,71213.2780598694,-12,0.2,0.8
1.138235294,1.6e18,988235.2941,276838.2353,0.278235294,5.723039216,1.024019608,2.0,1.0,1.0,1,87.29698859223119,12.684008521234636,3.275293399897128,78488.62596140128,-6,0.2,0.8
0.894705882,1.97647e18,533333.3333,131250.0,0.322941176,5.894607843,1.063235294,6.0,1.0,2.0,1,94.25539882733655,5.444045241355177,3.9494995666272805,67991.53098015285,-7,0.2,0.8
1.921764706,1.29412e18,380392.1569,159044.1176,0.171176471,5.012254902,1.107352941,2.0,1.0,1.0,1,96.50007351817611,4.93638849541543,2.9611186129192784,65462.64058811849,-26,0.2,0.8
1.159411765,2.47059e18,494117.6471,155073.5294,0.141764706,7.904411765,1.015196078,5.0,1.0,2.0,1,119.41078666807493,5.144720023663086,3.6694802197807306,97333.63014947204,-30,0.2,0.8
1.180588235,1.83529e18,1.074509804e6,63750.0,0.215882353,7.291666667,1.089705882,9.0,1.0,1.0,1,94.17640265780979,15.891227904539583,3.1458742666014508,75257.81435767977,-33,0.2,0.8
1.191176471,4.82353e18,964705.8824,106102.9412,0.165294118,7.830882353,1.169117647,12.0,1.0,2.0,1,90.63114140140493,12.78121498989142,3.2781183387293678,81036.6538855693,-31,0.2,0.8
2.112352941,3.12941e18,709803.9216,114044.1176,0.182941176,6.066176471,1.10245098,8.0,1.0,1.0,1,124.70615106430857,27.46414507092396,3.820985719747075,79885.39303177121,-26,0.2,0.8
1.212352941,3.43529e18,313725.4902,76985.29412,0.245294118,7.095588235,1.028921569,3.0,1.0,2.0,1,92.16688610690873,5.755376881317666,3.917628602525565,61031.88774438154,-17,0.2,0.8
1.222941176,1.74118e18,478431.3725,282132.3529,0.184117647,8.272058824,1.190686275,9.0,1.0,1.0,1,97.42297114909707,5.080582277255146,3.696790257914302,80297.99096827811,-27,0.2,0.8
1.233529412,2.72941e18,749019.6078,139191.1765,0.124117647,5.208333333,1.187745098,10.0,1.0,2.0,1,102.06186666890252,9.598380168969127,3.3511427035282075,83620.27445468407,-34,0.2,0.8
1.244117647,2.16471e18,419607.8431,249044.1176,0.225294118,5.428921569,1.007352941,5.0,1.0,1.0,1,87.44357689945916,4.752796486863584,3.7071954447893565,72310.32765284539,-33,0.2,0.8
1.074705882,1.41176e18,929411.7647,237132.3529,0.306470588,9.914215686,1.071078431,3.0,1.0,2.0,1,85.30734916099456,7.520337948282295,3.0868208812378053,67879.17001404769,-6,0.2,0.8
1.265294118,3.03529e18,341176.4706,189485.2941,0.200588235,8.68872549,1.067156863,8.0,1.0,1.0,1,92.83590387647676,5.30175333405634,3.7758504924700667,69306.34230554555,-24,0.2,0.8
1.275882353,2.56471e18,650980.3922,223897.0588,0.313529412,6.654411765,1.177941176,6.0,1.0,2.0,1,82.51201204417833,6.747926493419849,3.3609320429834963,76259.44223110807,-25,0.2,0.8
1.297058824,4.02353e18,1.035294118e6,147132.3529,0.138235294,9.791666667,1.06127451,6.0,1.0,1.0,1,88.03686988525735,17.784302251051837,3.5400925063106423,80827.74128849349,-37,0.2,0.8
1.879411765,1.71765e18,878431.3725,92867.64706,0.338235294,6.605392157,1.125980392,6.0,1.0,2.0,1,124.31744054601715,37.24411414302229,4.23588610361081,86376.91774968918,-28,0.2,0.8
2.313529412,3.29412e17,423529.4118,270220.5882,0.211176471,6.948529412,1.123039216,6.0,1.0,1.0,1,112.57618171682196,10.656095843305016,2.86121222089776,72704.61362038924,-26,0.2,0.8
2.175882353,4.84706e18,756862.7451,226544.1176,0.272352941,8.100490196,1.036764706,5.0,1.0,2.0,1,128.08687089078137,28.622392701322486,3.4371010940636877,76410.13007588772,-31,0.2,0.8
1.328823529,3.27059e18,1.003921569e6,211985.2941,0.242941176,7.879901961,1.093627451,2.0,1.0,1.0,1,100.02117565255129,20.935707290511132,3.3001428703392195,80450.16003712341,-12,0.2,0.8
1.339411765,9.88235e17,458823.5294,49191.17647,0.315882353,9.350490196,1.023039216,4.0,1.0,2.0,1,92.95923905785467,4.634591829369264,3.631250353416481,77095.85256949972,-33,0.2,0.8
2.472352941,2.37647e18,827450.9804,43897.05882,0.299411765,5.674019608,1.160294118,9.0,1.0,1.0,1,131.2368053017426,43.510590497656175,4.324138620123619,82562.69391926248,-11,0.2,0.8
1.360588235,2.82353e18,545098.0392,95514.70588,0.260588235,5.06127451,1.087745098,2.0,1.0,2.0,1,99.13561529025668,7.515260190708591,3.497023563514972,80465.95749937628,-31,0.2,0.8
1.371176471,1.52941e18,1.050980392e6,156397.0588,0.231176471,6.507352941,1.170098039,6.0,1.0,1.0,1,90.46679579524044,23.73680297726259,3.4719944105850944,76588.02502425275,-36,0.2,0.8
2.101764706,2.68235e18,811764.7059,86250.0,0.286470588,9.522058824,1.004411765,4.0,1.0,2.0,1,142.74827298241155,40.83121385394049,4.0695110524306655,86046.38935876428,-15,0.2,0.8
1.847647059,3.97647e18,705882.3529,219926.4706,0.104117647,7.071078431,1.162254902,5.0,1.0,1.0,1,130.97529394570046,23.500217685721303,3.5635726892373616,84891.92428377953,-32,0.2,0.8
2.091176471,1.01176e18,1.015686275e6,295367.6471,0.134705882,8.884803922,1.095588235,8.0,1.0,2.0,1,128.91195503568028,51.25644628545939,4.852397900354258,79539.61447310456,-25,0.2,0.8
1.413529412,4.09412e18,615686.2745,178897.0588,0.271176471,5.772058824,1.114215686,12.0,1.0,1.0,1,90.61807306093363,8.755787839138705,3.2552487308139755,78419.3208887727,-45,0.2,0.8
1.424117647,3.48235e18,925490.1961,59779.41176,0.140588235,6.678921569,1.145588235,9.0,1.0,2.0,1,111.16810803476874,20.97866318615296,3.3329538396797522,81730.18099947425,-35,0.2,0.8
1.434705882,2.25882e18,717647.0588,259632.3529,0.15,8.958333333,1.044607843,1.0,1.0,1.0,1,99.27325274863706,12.26673904458003,3.3101550413974032,76121.99714477749,-33,0.2,0.8
1.445294118,1.67059e18,1.094117647e6,39926.47059,0.168823529,8.639705882,1.017156863,7.0,1.0,2.0,1,135.0988571011513,27.371823798800804,4.1033491762474075,84742.6439402055,-5,0.2,0.8
1.455882353,4.28235e18,941176.4706,33308.82353,0.33,7.022058824,1.069117647,7.0,1.0,1.0,1,127.22201515283433,25.107199953128617,3.713182739375961,87746.88294757935,-8,0.2,0.8
1.582941176,3.83529e18,1.054901961e6,251691.1765,0.185294118,7.56127451,1.109313725,6.0,1.0,2.0,1,97.68309525955331,27.595537130260933,3.464078077996736,76929.07866420607,-31,0.2,0.8
1.477058824,3.62353e18,513725.4902,206691.1765,0.120588235,9.571078431,1.030882353,4.0,1.0,1.0,1,109.42469629718286,6.472450217147319,3.3153047500290196,74912.37996034697,-31,0.2,0.8
1.487647059,4.49412e18,886274.5098,103455.8824,0.257058824,9.963235294,1.18872549,2.0,1.0,2.0,1,113.23133325828297,24.411173905829717,3.6337530859257354,78772.72541470343,4,0.2,0.8
1.498235294,5.88235e17,694117.6471,231838.2353,0.173529412,5.698529412,1.133823529,6.0,1.0,1.0,1,95.01024397482215,14.58273235608162,3.4231188395935965,77786.39106919996,-40,0.2,0.8
1.508823529,3.24706e18,894117.6471,153750.0,0.284117647,5.134803922,1.03872549,8.0,1.0,2.0,1,92.42059749803848,21.057803689377998,3.4091539994027653,79748.02080566708,-38,0.2,0.8
1.540588235,3.57647e18,721568.6275,280808.8235,0.324117647,6.433823529,1.120098039,4.0,1.0,1.0,1,105.2205698383355,15.927203330621547,3.1685743789099323,81624.02472148715,-36,0.2,0.8
1.519411765,4.21176e18,643137.2549,263602.9412,0.113529412,8.394607843,1.08872549,9.0,1.0,2.0,1,119.68861546654037,11.419974192820774,3.2478627409850094,83326.8475352466,-32,0.2,0.8
1.53,2.61176e18,627450.9804,54485.29412,0.197058824,6.850490196,1.048529412,12.0,1.0,1.0,1,112.5489780149454,12.785833936796864,3.528044445656079,85828.18881080228,-43,0.2,0.8
1.551176471,4.70588e17,737254.902,70367.64706,0.251176471,9.767156863,1.082843137,6.0,1.0,2.0,1,122.12805268626813,20.77092191440095,3.8945378787656955,85335.03215480274,-8,0.2,0.8
1.699411765,2.44706e18,1.090196078e6,144485.2941,0.301764706,5.992647059,1.077941176,3.0,1.0,1.0,1,109.25366523500907,40.345791667301235,4.122480338439346,86654.42136625323,-38,0.2,0.8
1.572352941,1.2e18,325490.1961,166985.2941,0.273529412,6.262254902,1.01127451,7.0,1.0,2.0,1,82.96582375196597,4.4894931776860565,3.487989931563082,73194.1675745641,-30,0.2,0.8
1.794705882,1.48235e18,733333.3333,177573.5294,0.115882353,5.404411765,1.059313725,8.0,1.0,1.0,1,120.65373418306712,23.942266442284858,3.945388841860023,85743.88936200658,-30,0.2,0.8
1.593529412,4.4e18,388235.2941,140514.7059,0.180588235,9.154411765,1.025980392,2.0,1.0,2.0,1,98.31799911038514,4.481629211549168,3.300194459384165,64989.592924003984,-26,0.2,0.8
1.657058824,3.52941e17,870588.2353,197426.4706,0.280588235,6.090686275,1.189705882,7.0,1.0,1.0,1,109.02453363998957,32.39629962097315,3.7217590168636954,83377.78953176692,-42,0.2,0.8
1.614705882,3.10588e18,600000.0,299338.2353,0.157058824,9.816176471,1.146568627,6.0,1.0,2.0,1,106.44759188302916,10.9458019226869,3.2032520187388536,71136.4872062316,-33,0.2,0.8
0.778235294,4.91765e18,1.078431373e6,112720.5882,0.241764706,5.74754902,1.066176471,5.0,2.0,1.0,1,118.75948882887499,8.237596996319143,3.5886235253282055,75503.5063769906,-7,0.2,0.8
1.625294118,1.03529e18,937254.902,136544.1176,0.201764706,6.99754902,1.135784314,2.0,2.0,2.0,1,136.33621970856316,35.04542654737175,4.129885869880624,79421.00304469315,6,0.2,0.8
0.820588235,3.71765e18,752941.1765,176250.0,0.319411765,8.443627451,1.164215686,10.0,2.0,1.0,1,87.54571232259698,5.555929942557661,3.6312997820825554,79000.81275129112,-7,0.2,0.8
1.604117647,2.98824e18,498039.2157,50514.70588,0.112352941,6.18872549,1.181862745,6.0,2.0,2.0,1,114.66979151236966,10.126226295007227,3.391086527816614,86943.53231163314,-31,0.2,0.8
1.561764706,2.11765e18,996078.4314,185514.7059,0.191176471,9.669117647,1.000490196,6.0,2.0,1.0,1,102.71026009749583,27.403528279581067,4.078408333590664,79737.27696256475,-40,0.2,0.8
1.678235294,4.65882e18,898039.2157,275514.7059,0.178235294,6.703431373,1.056372549,3.0,2.0,2.0,1,97.74739225709554,23.504965789592692,3.259060351101203,74939.85082417884,-33,0.2,0.8
1.307647059,8.94118e17,443137.2549,205367.6471,0.137058824,5.110294118,1.166176471,9.0,2.0,1.0,1,100.50425609952738,4.82638500520134,3.6830056221433085,75895.40408447389,-30,0.2,0.8
1.667647059,1.36471e18,745098.0392,31985.29412,0.142941176,9.203431373,1.126960784,8.0,2.0,2.0,1,145.47515869959182,29.536956640032493,4.170112701238919,85020.35329783069,-12,0.2,0.8
1.71,3.05882e17,823529.4118,161691.1765,0.125294118,7.610294118,1.091666667,12.0,2.0,1.0,1,123.34454990817667,29.543720526241096,4.0932246582977045,88079.91106278729,-39,0.2,0.8
1.720588235,8.0e17,541176.4706,241102.9412,0.267647059,8.321078431,1.129901961,12.0,2.0,2.0,1,109.92776181059477,10.448218711165195,3.247309587710593,78816.40668039076,-38,0.2,0.8
1.731176471,2.96471e18,301960.7843,194779.4118,0.312352941,5.330882353,1.137745098,6.0,2.0,1.0,1,96.00120536311172,4.488032974964445,3.2355557749104826,79350.52116329124,-26,0.2,0.8
1.741764706,2.58824e18,854901.9608,125955.8824,0.106470588,5.551470588,1.009313725,6.0,2.0,2.0,1,122.18213997815384,28.43820222072772,3.963716475689106,89240.71474595841,-30,0.2,0.8
1.402941176,2.11765e17,333333.3333,132573.5294,0.158235294,6.776960784,1.058333333,4.0,2.0,1.0,1,78.76307235925921,4.745044835093208,3.6140910832821866,67208.57050924629,-26,0.2,0.8
1.466470588,1.78824e18,411764.7059,160367.6471,0.325294118,8.909313725,1.182843137,12.0,2.0,2.0,1,91.11346263896894,4.504965412420344,3.428417229648289,76195.00152182372,-40,0.2,0.8
1.752352941,2.0e18,396078.4314,34632.35294,0.266470588,6.409313725,1.092647059,5.0,2.0,1.0,1,93.92737880760843,5.860261722417535,3.108844280760556,78101.66837031873,-41,0.2,0.8
0.947647059,2.21176e18,1.066666667e6,260955.8824,0.255882353,6.580882353,1.122058824,12.0,2.0,2.0,1,113.02556263395763,7.6084874465471595,3.4563997944091356,70060.70182511935,-15,0.2,0.8
1.837058824,2.30588e18,921568.6275,111397.0588,0.274705882,9.178921569,1.029901961,8.0,2.0,1.0,1,134.59205350705534,40.943368985884874,4.191539858558434,86159.27159608465,-12,0.2,0.8
1.805294118,3.52941e18,474509.8039,168308.8235,0.287647059,6.825980392,1.192647059,3.0,2.0,2.0,1,102.5609930999906,8.55152122790985,3.0498958091451525,72137.35630168072,-38,0.2,0.8
1.815882353,9.41176e17,862745.098,234485.2941,0.144117647,6.335784314,1.079901961,1.0,2.0,1.0,1,116.725851092874,31.88674497154513,3.90702151817587,81093.58442142195,-36,0.2,0.8
1.826470588,4.8e18,611764.7059,145808.8235,0.222941176,7.463235294,1.018137255,9.0,2.0,2.0,1,108.78261769805879,14.294074736061118,3.223946834287227,76819.71191831947,-35,0.2,0.8
1.784117647,3.34118e18,1.043137255e6,102132.3529,0.160588235,8.370098039,1.125,9.0,2.0,1.0,1,121.75404271269659,42.17417526581733,4.496223913316501,82338.18501150615,-29,0.2,0.8
1.773529412,1.15294e18,670588.2353,84926.47059,0.19,7.855392157,1.195588235,6.0,2.0,2.0,1,115.48724050448192,24.896415112331557,3.865615458197683,83963.78774265353,-33,0.2,0.8
1.858235294,4.87059e18,447058.8235,292720.5882,0.145294118,7.953431373,1.116176471,8.0,2.0,1.0,1,112.76473656111553,6.23803453205321,2.8883589245625894,66455.77279844975,-27,0.2,0.8
1.868823529,2.58824e17,486274.5098,218602.9412,0.177058824,8.468137255,1.037745098,1.0,2.0,2.0,1,107.47911222124227,10.06872189769688,3.22319627892073,70568.57184444461,-38,0.2,0.8
1.286470588,4.96471e18,517647.0588,47867.64706,0.291176471,6.629901961,1.041666667,1.0,2.0,1.0,1,99.98050122116895,5.592901691502727,3.846485913855705,85819.87897521461,-37,0.2,0.8
1.17,8.47059e17,678431.3725,192132.3529,0.285294118,7.193627451,1.060294118,6.0,2.0,2.0,1,80.76281164588087,5.556083644102796,3.437155096816372,72481.63841230523,-21,0.2,0.8
1.900588235,1.90588e18,839215.6863,152426.4706,0.214705882,8.664215686,1.143627451,4.0,2.0,1.0,1,125.20506972321425,36.27498314326923,4.093899863920897,82430.95075094458,-12,0.2,0.8
1.201764706,1.08235e18,803921.5686,271544.1176,0.224117647,9.105392157,1.033823529,12.0,2.0,2.0,1,94.87655410206938,8.418045533175786,3.526452982725533,80780.1819532395,-31,0.2,0.8
0.757058824,1.88235e18,949019.6078,268897.0588,0.155882353,7.757352941,1.100490196,8.0,2.0,1.0,1,133.9529743656052,5.6605966139554065,3.6056663125156967,75123.7779895745,1,0.2,0.8
0.661764706,4.47059e18,403921.5686,217279.4118,0.308823529,7.732843137,1.154411765,4.0,2.0,2.0,1,192.52645717434254,6.881500773523493,4.391048907358875,77345.72496950248,1,0.2,0.8
1.911176471,3.67059e18,596078.4314,256985.2941,0.204117647,5.919117647,1.072058824,6.0,2.0,1.0,1,114.70285407696345,12.639279594647586,3.0737040199745618,70283.38122209541,-35,0.2,0.8
1.381764706,2.18824e18,792156.8627,287426.4706,0.339411765,7.365196078,1.086764706,6.0,2.0,2.0,1,89.20623480848644,12.088525023222227,3.3372634149714404,81528.21719361164,-31,0.2,0.8
1.964117647,8.23529e17,980392.1569,98161.76471,0.226470588,8.051470588,1.064215686,3.0,2.0,1.0,1,138.2780715475924,57.45794754918187,5.064717028983581,85196.97122841247,-23,0.2,0.8
1.942941176,4.18824e18,917647.0588,233161.7647,0.21,9.718137255,1.105392157,10.0,2.0,2.0,1,129.18345023172137,36.56495673095236,3.8378509496520854,79779.50477801745,-26,0.2,0.8
1.985294118,1.55294e18,529411.7647,74338.23529,0.202941176,9.93872549,1.020098039,6.0,2.0,1.0,1,125.0920133684284,15.646166534508213,3.1023725901538963,82440.52885766083,-33,0.2,0.8
1.995882353,3.50588e18,392156.8627,94191.17647,0.122941176,9.301470588,1.085784314,10.0,2.0,2.0,1,106.11100525082503,7.124426274195702,2.791239144660502,67866.0098106162,-25,0.2,0.8
2.006470588,2.09412e18,1.007843137e6,170955.8824,0.102941176,5.845588235,1.119117647,10.0,2.0,1.0,1,137.2822967650047,45.91419951198928,4.390799282040812,82880.03894991287,-23,0.2,0.8
2.017058824,3.88235e18,882352.9412,46544.11765,0.151176471,7.928921569,1.039705882,7.0,2.0,2.0,1,139.6028955557313,44.597407895640835,4.290359970314622,82652.26254954792,-22,0.2,0.8
2.027647059,4.51765e18,729411.7647,254338.2353,0.244117647,9.129901961,1.173039216,3.0,2.0,1.0,1,123.45001522655846,26.771672647071668,3.491417930424149,77895.78062271824,-34,0.2,0.8
0.862941176,3.29412e18,658823.5294,104779.4118,0.277058824,7.536764706,1.132843137,1.0,2.0,2.0,1,107.19298130889845,4.9044398151113295,3.598885566694301,60293.49683875349,8,0.2,0.8
2.048823529,6.58824e17,760784.3137,71691.17647,0.121764706,6.924019608,1.174019608,7.0,2.0,1.0,1,129.21136862341652,39.20078018156565,4.232103817414882,83501.31767608352,-26,0.2,0.8
1.392352941,4.30588e18,690196.0784,37279.41176,0.198235294,5.159313725,1.151470588,5.0,2.0,2.0,1,121.92044013781417,14.022410393447025,3.681304391545159,84379.54611464262,-7,0.2,0.8
2.07,4.77647e18,972549.0196,214632.3529,0.135882353,6.139705882,1.013235294,4.0,2.0,1.0,1,121.95030113249572,35.949477337902024,3.956176122274719,74747.85334222428,-30,0.2,0.8
1.085294118,2.63529e18,372549.0196,253014.7059,0.132352941,6.384803922,1.142647059,7.0,2.0,2.0,1,149.18105386989149,5.840513616352532,3.835202619440845,93594.63588853904,-23,0.2,0.8
2.059411765,2.32941e18,568627.451,182867.6471,0.25,6.556372549,1.055392157,3.0,2.0,1.0,1,112.83464147060037,14.814317664713299,2.9084161850628734,74870.20102774994,-39,0.2,0.8
1.953529412,1.24706e18,584313.7255,42573.52941,0.320588235,7.267156863,1.098529412,12.0,2.0,2.0,1,123.48518064645529,17.79429542355194,3.101625746377269,84980.94036784045,-23,0.2,0.8
1.974705882,3.78824e18,686274.5098,120661.7647,0.314705882,5.50245098,1.035784314,3.0,2.0,1.0,1,120.79245702152507,23.02349313162757,3.3214330845754034,83895.70881131075,-38,0.2,0.8
2.122941176,4.94118e18,576470.5882,110073.5294,0.174705882,8.933823529,1.149509804,4.0,2.0,2.0,1,118.00601817886671,17.068590231614266,2.9125004074097727,71078.92258091045,-35,0.2,0.8
2.154705882,3.15294e18,329411.7647,137867.6471,0.246470588,8.075980392,1.185784314,12.0,2.0,1.0,1,108.49161471659772,5.813099011461446,2.7071390326237403,76756.93716163875,-23,0.2,0.8
2.144117647,4.44706e18,1.070588235e6,129926.4706,0.11,6.875,1.074019608,12.0,2.0,2.0,1,139.3288255011389,45.87953268548963,4.60993804044719,78525.38699562398,-23,0.2,0.8
2.133529412,1.45882e18,435294.1176,210661.7647,0.23,7.340686275,1.031862745,10.0,2.0,1.0,1,112.86145701074742,8.49286130958486,2.606114569208388,73699.66928776106,-28,0.2,0.8
2.165294118,1.76471e18,635294.1176,284779.4118,0.119411765,5.625,1.153431373,8.0,2.0,2.0,1,123.36172741563487,15.811920493284951,2.8318808306025565,67390.06307632841,-31,0.2,0.8
1.318235294,3.85882e18,360784.3137,267573.5294,0.326470588,9.25245098,1.073039216,2.0,2.0,1.0,1,95.44131267653965,4.963517926797819,3.658803731523443,77541.03318504474,-23,0.2,0.8
2.186470588,1.95294e18,607843.1373,202720.5882,0.265294118,9.987745098,1.179901961,4.0,2.0,2.0,1,125.3210081046523,20.896239816907656,3.05057764305734,76333.48942921212,-35,0.2,0.8
2.197058824,3.76471e18,537254.902,96838.23529,0.221764706,6.727941176,1.13872549,10.0,2.0,1.0,1,116.08215036931216,14.865839429988677,2.7673108748296147,75711.26465278851,-30,0.2,0.8
2.207647059,2.89412e18,317647.0588,222573.5294,0.166470588,9.49754902,1.099509804,6.0,2.0,2.0,1,124.73482138998403,5.327423745364913,2.664888638956157,81300.99695448433,-23,0.2,0.8
2.260588235,3.95294e18,933333.3333,149779.4118,0.305294118,7.683823529,1.198529412,6.0,2.0,1.0,1,125.80816267577923,42.65630996094593,4.3492261880386405,77962.0552228277,-26,0.2,0.8
2.228823529,7.52941e17,909803.9216,57132.35294,0.328823529,8.786764706,1.112254902,4.0,2.0,2.0,1,152.08546434290062,73.13558066397147,5.71097890992597,84995.42818850704,-16,0.2,0.8
2.398235294,1.43529e18,698039.2157,141838.2353,0.334705882,6.237745098,1.141666667,9.0,2.0,1.0,1,123.78450412104205,29.95303483838365,3.7363717943849615,80411.03796441157,-26,0.2,0.8
2.25,4.54118e18,368627.451,75661.76471,0.259411765,8.541666667,1.121078431,9.0,2.0,2.0,1,102.28878202076599,8.007413540311603,2.7961425396975748,73608.35231199574,-32,0.2,0.8
2.218235294,1.81176e18,1.02745098e6,279485.2941,0.311176471,8.419117647,1.003431373,7.0,2.0,1.0,1,131.8575243943187,48.865524426488555,4.540384599587111,79022.28793981932,-26,0.2,0.8
0.852352941,2.04706e18,741176.4706,82279.41176,0.175882353,6.458333333,1.014215686,10.0,2.0,2.0,1,94.64931480500576,5.121061159567919,3.798187996258629,70002.19948704723,-11,0.2,0.8
2.281764706,4.35294e18,874509.8039,174926.4706,0.213529412,5.649509804,1.026960784,6.0,2.0,1.0,1,123.33356388912853,35.38414561344353,3.9595857822470837,76724.148357775,-28,0.2,0.8
2.292352941,3.69412e18,1.0e6,69044.11765,0.27,5.281862745,1.175,12.0,2.0,2.0,1,123.31206808886405,43.202333606229985,4.3879696738763805,77518.21225920651,-28,0.2,0.8
2.302941176,1.10588e18,843137.2549,242426.4706,0.318235294,9.840686275,1.184803922,8.0,2.0,1.0,1,137.4593136201713,47.9063109104887,4.6331885387796685,81075.15991406482,-23,0.2,0.8
2.408823529,5.41176e17,352941.1765,238455.8824,0.247647059,5.232843137,1.090686275,7.0,2.0,2.0,1,108.00302460411527,6.225507400316921,2.598432833025164,72128.6173258018,-21,0.2,0.8
2.419411765,2.23529e18,521568.6275,123308.8235,0.133529412,8.223039216,1.157352941,6.0,2.0,1.0,1,129.39852976673515,17.11864874312382,2.8065659664386473,75054.20635600475,-24,0.2,0.8
2.334705882,4.04706e18,901960.7843,107426.4706,0.118235294,6.041666667,1.130882353,5.0,2.0,2.0,1,141.52155955949638,46.14850219015253,4.647088267454297,78785.89675381753,-24,0.2,0.8
2.366470588,3.08235e18,772549.0196,290073.5294,0.302941176,6.017156863,1.021078431,10.0,2.0,1.0,1,128.5817557099674,24.430666777540658,3.3511119468455406,73885.71927124438,-33,0.2,0.8
2.355882353,4.37647e18,592156.8627,184191.1765,0.292352941,9.620098039,1.084803922,1.0,2.0,2.0,1,130.47508434196263,19.200840679244962,2.900529717838235,76104.82165069174,-31,0.2,0.8
2.345294118,1.62353e18,309803.9216,58455.88235,0.179411765,7.414215686,1.076960784,2.0,2.0,1.0,1,88.83377931123042,5.2589142207200075,2.688532555391225,71263.8148342453,-27,0.2,0.8
2.377058824,3.01176e18,1.031372549e6,73014.70588,0.188823529,9.375,1.134803922,1.0,2.0,2.0,1,140.94270634883867,63.586218283191066,5.54153868078125,76964.92831646268,-23,0.2,0.8
2.451176471,6.11765e17,376470.5882,200073.5294,0.111176471,9.056372549,1.051470588,5.0,2.0,1.0,1,123.30193019084928,9.18861234578588,2.6955824080030144,66782.2025859381,-20,0.2,0.8
2.239411765,4.42353e18,556862.7451,272867.6471,0.332352941,5.355392157,1.043627451,12.0,2.0,2.0,1,117.1500757569063,10.290166467707953,2.4834487677637345,77255.64999404302,-27,0.2,0.8
1.688823529,2.82353e17,470588.2353,62426.47059,0.237058824,5.796568627,1.156372549,2.0,2.0,1.0,1,115.41655877806369,10.397032290733051,3.264904204938434,84121.84897103808,-10,0.2,0.8
2.324117647,2.51765e18,819607.8431,298014.7059,0.181764706,7.977941176,1.167156863,5.0,2.0,2.0,1,137.63318633026415,32.681615268586235,3.618225506381176,70277.44891926588,-33,0.2,0.8
2.43,4.72941e18,619607.8431,246397.0588,0.153529412,6.482843137,1.191666667,10.0,2.0,1.0,1,136.00095689157968,17.16252133347124,2.8493612272126128,68179.86275985301,-28,0.2,0.8
2.440588235,4.89412e18,1.023529412e6,157720.5882,0.264117647,7.046568627,1.108333333,3.0,2.0,2.0,1,128.94737473073528,53.52945821371411,4.744968324706243,77395.73751672372,-25,0.2,0.8
2.387647059,3.55294e18,466666.6667,230514.7059,0.240588235,8.860294118,1.010294118,6.0,2.0,1.0,1,130.47454820281806,11.774485832965052,2.3568553155876684,77567.5748190133,-28,0.2,0.8
2.461764706,1.17647e18,850980.3922,90220.58824,0.254705882,5.943627451,1.04754902,2.0,2.0,2.0,1,141.1379772075745,52.79736070669939,4.951942547867498,83901.5931434363,-13,0.2,0.8
2.482941176,3.90588e18,796078.4314,124632.3529,0.199411765,9.031862745,1.096568627,2.0,2.0,1.0,1,138.97699421501417,41.18397489812908,4.752404993701697,78773.46255161887,-23,0.2,0.8
1.35,4.23529e17,1.011764706e6,55808.82353,0.206470588,7.708333333,1.006372549,10.0,2.0,2.0,1,131.05976139228642,21.84083036288988,3.7121733359464018,84398.68411501743,3,0.2,0.8
2.493529412,4.63529e18,952941.1765,83602.94118,0.238235294,9.865196078,1.054411765,7.0,2.0,1.0,1,130.8714787517853,55.263994096521614,5.512320597806214,77291.45363383413,-28,0.2,0.8
2.504117647,1.34118e18,992156.8627,188161.7647,0.17,7.242647059,1.178921569,8.0,2.0,2.0,1,134.2928896494191,60.109348397960254,5.493013936139215,74500.78870493767,-22,0.2,0.8
2.514705882,2.77647e18,647058.8235,165661.7647,0.268823529,8.713235294,1.040686275,1.0,2.0,1.0,1,134.6065655870097,24.394705166307027,3.3346579840617507,77387.52632209189,-31,0.2,0.8
2.525294118,2.28235e18,345098.0392,51838.23529,0.307647059,9.644607843,1.139705882,5.0,2.0,2.0,1,100.23037271664212,9.949591924080678,2.4879923613075827,75508.24999586285,-25,0.2,0.8
2.535882353,7.29412e17,588235.2941,264926.4706,0.187647059,8.125,1.016176471,7.0,2.0,1.0,1,122.6827118133019,18.842484177201282,3.179618444043307,70308.63768213383,-27,0.2,0.8
2.546470588,4.11765e18,1.08627451e6,208014.7059,0.279411765,7.487745098,1.049509804,8.0,2.0,2.0,1,134.3635712701649,54.722851534770896,5.126186196623718,75533.13257574629,-23,0.2,0.8
2.557058824,3.31765e18,552941.1765,215955.8824,0.147647059,5.575980392,1.128921569,2.0,2.0,1.0,1,130.1904715916917,14.344691101508575,2.8170071077487364,66407.31585152983,-26,0.2,0.8
2.567647059,1.38824e18,415686.2745,278161.7647,0.159411765,8.590686275,1.080882353,4.0,2.0,2.0,1,140.9584317136799,8.76639616541659,2.7529771865202286,68862.10051534418,-23,0.2,0.8
2.578235294,1.92941e18,1.062745098e6,87573.52941,0.317058824,7.781862745,1.14754902,12.0,2.0,1.0,1,140.7986575706788,67.483597651989,6.188733209981532,78946.36470062684,-24,0.2,0.8
0.640588235,6.35294e17,784313.7255,258308.8235,0.293529412,6.164215686,1.175980392,1.0,2.0,2.0,1,213.93647794803277,6.036312609727929,4.030730143930335,80154.2774636729,8,0.2,0.8
2.599411765,2.35294e18,968627.451,247720.5882,0.233529412,8.517156863,1.117156863,5.0,2.0,1.0,1,151.63025356661262,51.74191297034315,5.237145697891774,75447.31498369089,-27,0.2,0.8
2.61,2.70588e18,490196.0784,66397.05882,0.337058824,8.174019608,1.081862745,9.0,2.0,2.0,1,116.1406343179201,18.533533686506022,2.8741671633639387,77645.91043263928,-32,0.2,0.8
2.620588235,9.64706e17,654901.9608,119338.2353,0.164117647,7.512254902,1.053431373,10.0,2.0,1.0,1,126.46032019487664,30.500816267251828,4.010200105213883,75570.61760930881,-25,0.2,0.8
2.631176471,2.91765e18,945098.0392,118014.7059,0.219411765,5.821078431,1.193627451,7.0,2.0,2.0,1,121.79210223028295,45.49633798680874,4.910985690422409,73003.5408625437,-28,0.2,0.8
2.641764706,9.17647e17,1.082352941e6,225220.5882,0.248823529,9.473039216,1.16127451,1.0,2.0,1.0,1,140.3678998623663,71.18711778342039,6.273562844680056,74379.88131208198,-22,0.2,0.8
2.652352941,3.22353e18,356862.7451,41250.0,0.127647059,7.634803922,1.019117647,4.0,2.0,2.0,1,97.87775137693373,7.171267233995994,2.5881331579934543,72688.12198576292,-31,0.2,0.8
