count,year,mo,dy,hr,mn,sc,Rho,V_tot,Temperature,B_tot
0.0,2018.0,8.0,26.0,22.0,0.0,0.0,3.5,522.0,172694.0,5.5
1.0,2018.0,8.0,26.0,23.0,0.0,0.0,2.5999999046,537.0,125102.0,5.6999998093
2.0,2018.0,8.0,27.0,0.0,0.0,0.0,2.7000000477,530.0,133127.0,5.5
3.0,2018.0,8.0,27.0,1.0,0.0,0.0,2.7000000477,541.0,146859.0,5.6999998093
4.0,2018.0,8.0,27.0,2.0,0.0,0.0,2.0999999046,521.0,114462.0,5.5999999046
5.0,2018.0,8.0,27.0,3.0,0.0,0.0,2.2000000477,529.0,121033.0,5.5
6.0,2018.0,8.0,27.0,4.0,0.0,0.0,2.7999999523,548.0,197308.0,4.6999998093
7.0,2018.0,8.0,27.0,5.0,0.0,0.0,3.0,556.0,208836.0,4.0999999046
8.0,2018.0,8.0,27.0,6.0,0.0,0.0,3.0,569.0,197457.0,4.3000001907
9.0,2018.0,8.0,27.0,7.0,0.0,0.0,3.0,573.0,195641.0,3.9000000954
10.0,2018.0,8.0,27.0,8.0,0.0,0.0,3.0999999046,564.0,177980.0,4.0
11.0,2018.0,8.0,27.0,9.0,0.0,0.0,2.9000000954,550.0,162713.0,4.4000000954
12.0,2018.0,8.0,27.0,10.0,0.0,0.0,2.9000000954,538.0,172717.0,4.5999999046
13.0,2018.0,8.0,27.0,11.0,0.0,0.0,2.7000000477,538.0,139997.0,5.4000000954
14.0,2018.0,8.0,27.0,12.0,0.0,0.0,2.5999999046,528.0,142965.0,5.5999999046
15.0,2018.0,8.0,27.0,13.0,0.0,0.0,3.7000000477,550.0,148064.0,5.1999998093
16.0,2018.0,8.0,27.0,14.0,0.0,0.0,4.0,550.0,140866.0,6.0999999046
17.0,2018.0,8.0,27.0,15.0,0.0,0.0,4.4000000954,544.0,165227.0,5.5999999046
18.0,2018.0,8.0,27.0,16.0,0.0,0.0,3.7000000477,552.0,176435.0,6.3000001907
19.0,2018.0,8.0,27.0,17.0,0.0,0.0,3.9000000954,619.0,243158.0,5.1999998093
20.0,2018.0,8.0,27.0,18.0,0.0,0.0,3.4000000954,616.0,254103.0,5.1999998093
21.0,2018.0,8.0,27.0,19.0,0.0,0.0,3.2999999523,617.0,258593.0,4.1999998093
22.0,2018.0,8.0,27.0,20.0,0.0,0.0,3.0999999046,606.0,231949.0,4.0
23.0,2018.0,8.0,27.0,21.0,0.0,0.0,2.7999999523,603.0,206530.0,4.4000000954
24.0,2018.0,8.0,27.0,22.0,0.0,0.0,2.5999999046,587.0,175107.0,4.5999999046
25.0,2018.0,8.0,27.0,23.0,0.0,0.0,2.7000000477,582.0,153403.0,4.5
26.0,2018.0,8.0,28.0,0.0,0.0,0.0,3.4000000954,573.0,170719.0,3.4000000954
27.0,2018.0,8.0,28.0,1.0,0.0,0.0,3.4000000954,564.0,142043.0,5.6999998093
28.0,2018.0,8.0,28.0,2.0,0.0,0.0,3.0,562.0,151661.0,4.6999998093
29.0,2018.0,8.0,28.0,3.0,0.0,0.0,3.0999999046,560.0,137441.0,3.9000000954
30.0,2018.0,8.0,28.0,4.0,0.0,0.0,2.9000000954,579.0,111735.0,4.8000001907
31.0,2018.0,8.0,28.0,5.0,0.0,0.0,2.9000000954,566.0,110788.0,3.7999999523
32.0,2018.0,8.0,28.0,6.0,0.0,0.0,2.9000000954,549.0,149362.0,2.7000000477
33.0,2018.0,8.0,28.0,7.0,0.0,0.0,3.0999999046,542.0,132540.0,2.7999999523
34.0,2018.0,8.0,28.0,8.0,0.0,0.0,3.0999999046,535.0,128051.0,2.7000000477
35.0,2018.0,8.0,28.0,9.0,0.0,0.0,2.9000000954,520.0,119997.0,2.2999999523
36.0,2018.0,8.0,28.0,10.0,0.0,0.0,2.7999999523,528.0,117598.0,3.2000000477
37.0,2018.0,8.0,28.0,11.0,0.0,0.0,2.4000000954,537.0,114181.0,4.4000000954
38.0,2018.0,8.0,28.0,12.0,0.0,0.0,2.4000000954,536.0,122956.0,4.6999998093
39.0,2018.0,8.0,28.0,13.0,0.0,0.0,2.7000000477,532.0,127069.0,4.9000000954
40.0,2018.0,8.0,28.0,14.0,0.0,0.0,2.9000000954,512.0,129835.0,5.5999999046
41.0,2018.0,8.0,28.0,15.0,0.0,0.0,2.7000000477,507.0,107612.0,6.3000001907
42.0,2018.0,8.0,28.0,16.0,0.0,0.0,2.7999999523,505.0,101724.0,6.3000001907
43.0,2018.0,8.0,28.0,17.0,0.0,0.0,3.2999999523,501.0,89131.0,6.0999999046
44.0,2018.0,8.0,28.0,18.0,0.0,0.0,3.2000000477,502.0,79982.0,5.9000000954
45.0,2018.0,8.0,28.0,19.0,0.0,0.0,2.7000000477,518.0,98801.0,5.4000000954
46.0,2018.0,8.0,28.0,20.0,0.0,0.0,2.5999999046,536.0,120955.0,4.9000000954
47.0,2018.0,8.0,28.0,21.0,0.0,0.0,2.7999999523,536.0,135234.0,4.5
48.0,2018.0,8.0,28.0,22.0,0.0,0.0,2.9000000954,538.0,151643.0,3.7000000477
49.0,2018.0,8.0,28.0,23.0,0.0,0.0,2.7999999523,535.0,147452.0,3.5999999046
50.0,2018.0,8.0,29.0,0.0,0.0,0.0,2.9000000954,538.0,145322.0,3.5
51.0,2018.0,8.0,29.0,1.0,0.0,0.0,2.7999999523,534.0,128471.0,3.5999999046
52.0,2018.0,8.0,29.0,2.0,0.0,0.0,2.5,538.0,103674.0,3.7999999523
53.0,2018.0,8.0,29.0,3.0,0.0,0.0,2.4000000954,532.0,94375.0,3.7999999523
54.0,2018.0,8.0,29.0,4.0,0.0,0.0,1.7999999523,545.0,88082.0,3.5999999046
55.0,2018.0,8.0,29.0,5.0,0.0,0.0,1.8999999762,540.0,81842.0,3.5999999046
56.0,2018.0,8.0,29.0,6.0,0.0,0.0,2.0,538.0,86421.0,3.4000000954
57.0,2018.0,8.0,29.0,7.0,0.0,0.0,2.5,536.0,99089.0,2.9000000954
58.0,2018.0,8.0,29.0,8.0,0.0,0.0,2.5,522.0,103335.0,2.9000000954
59.0,2018.0,8.0,29.0,9.0,0.0,0.0,2.4000000954,521.0,103706.0,2.5
60.0,2018.0,8.0,29.0,10.0,0.0,0.0,2.2999999523,514.0,86164.0,3.0999999046
61.0,2018.0,8.0,29.0,11.0,0.0,0.0,2.2000000477,504.0,85681.0,2.7000000477
62.0,2018.0,8.0,29.0,12.0,0.0,0.0,2.2000000477,503.0,75834.0,2.7999999523
63.0,2018.0,8.0,29.0,13.0,0.0,0.0,2.0,500.0,78578.0,2.9000000954
64.0,2018.0,8.0,29.0,14.0,0.0,0.0,2.0,505.0,68244.0,3.0
65.0,2018.0,8.0,29.0,15.0,0.0,0.0,2.0999999046,500.0,71941.0,2.7999999523
66.0,2018.0,8.0,29.0,16.0,0.0,0.0,2.0,491.0,66346.0,2.7000000477
67.0,2018.0,8.0,29.0,17.0,0.0,0.0,1.8999999762,485.0,63298.0,2.7000000477
68.0,2018.0,8.0,29.0,18.0,0.0,0.0,1.7999999523,482.0,55844.0,2.5
69.0,2018.0,8.0,29.0,19.0,0.0,0.0,1.8999999762,475.0,56382.0,2.4000000954
70.0,2018.0,8.0,29.0,20.0,0.0,0.0,2.0,472.0,62183.0,2.2999999523
71.0,2018.0,8.0,29.0,21.0,0.0,0.0,2.0,471.0,55181.0,2.5
72.0,2018.0,8.0,29.0,22.0,0.0,0.0,3.0,473.0,54544.0,2.0999999046
73.0,2018.0,8.0,29.0,23.0,0.0,0.0,-9.9999998482e30,458.0,54444.0,1.5
74.0,2018.0,8.0,30.0,0.0,0.0,0.0,-9.9999998482e30,453.0,55450.0,2.2999999523
75.0,2018.0,8.0,30.0,1.0,0.0,0.0,-9.9999998482e30,452.0,64345.0,2.2999999523
76.0,2018.0,8.0,30.0,2.0,0.0,0.0,2.7000000477,455.0,64311.0,2.4000000954
77.0,2018.0,8.0,30.0,3.0,0.0,0.0,3.0,460.0,57564.0,2.0
78.0,2018.0,8.0,30.0,4.0,0.0,0.0,2.5999999046,449.0,52494.0,2.0
79.0,2018.0,8.0,30.0,5.0,0.0,0.0,2.7000000477,447.0,42164.0,2.2999999523
80.0,2018.0,8.0,30.0,6.0,0.0,0.0,3.5,442.0,28207.0,2.5
81.0,2018.0,8.0,30.0,7.0,0.0,0.0,2.9000000954,443.0,43327.0,2.7999999523
82.0,2018.0,8.0,30.0,8.0,0.0,0.0,2.5,437.0,53270.0,2.9000000954
83.0,2018.0,8.0,30.0,9.0,0.0,0.0,2.7999999523,429.0,48706.0,2.7999999523
84.0,2018.0,8.0,30.0,10.0,0.0,0.0,3.2000000477,419.0,33514.0,2.9000000954
85.0,2018.0,8.0,30.0,11.0,0.0,0.0,4.5999999046,401.0,16397.0,2.5999999046
86.0,2018.0,8.0,30.0,12.0,0.0,0.0,5.1999998093,387.0,18094.0,2.5
87.0,2018.0,8.0,30.0,13.0,0.0,0.0,4.5,382.0,22904.0,2.2000000477
88.0,2018.0,8.0,30.0,14.0,0.0,0.0,3.5999999046,375.0,20098.0,2.0999999046
89.0,2018.0,8.0,30.0,15.0,0.0,0.0,3.7000000477,377.0,19499.0,2.5
90.0,2018.0,8.0,30.0,16.0,0.0,0.0,3.7000000477,378.0,20577.0,2.7999999523
91.0,2018.0,8.0,30.0,17.0,0.0,0.0,4.4000000954,378.0,18808.0,3.0
92.0,2018.0,8.0,30.0,18.0,0.0,0.0,3.7999999523,379.0,20392.0,3.7999999523
93.0,2018.0,8.0,30.0,19.0,0.0,0.0,3.5999999046,375.0,20962.0,4.4000000954
94.0,2018.0,8.0,30.0,20.0,0.0,0.0,3.7000000477,377.0,24144.0,4.5
95.0,2018.0,8.0,30.0,21.0,0.0,0.0,3.2000000477,371.0,21345.0,4.9000000954
96.0,2018.0,8.0,30.0,22.0,0.0,0.0,4.9000000954,380.0,29163.0,4.4000000954
97.0,2018.0,8.0,30.0,23.0,0.0,0.0,7.0,392.0,23921.0,4.3000001907
98.0,2018.0,8.0,31.0,0.0,0.0,0.0,7.3000001907,386.0,27510.0,3.7999999523
99.0,2018.0,8.0,31.0,1.0,0.0,0.0,7.5999999046,385.0,23296.0,3.5999999046
100.0,2018.0,8.0,31.0,2.0,0.0,0.0,7.1999998093,380.0,25872.0,4.0999999046
101.0,2018.0,8.0,31.0,3.0,0.0,0.0,7.9000000954,373.0,24354.0,4.4000000954
102.0,2018.0,8.0,31.0,4.0,0.0,0.0,8.6999998093,373.0,22031.0,4.5999999046
103.0,2018.0,8.0,31.0,5.0,0.0,0.0,10.699999809,373.0,28137.0,5.3000001907
104.0,2018.0,8.0,31.0,6.0,0.0,0.0,13.0,375.0,24589.0,5.5999999046
105.0,2018.0,8.0,31.0,7.0,0.0,0.0,9.8000001907,381.0,35383.0,6.1999998093
106.0,2018.0,8.0,31.0,8.0,0.0,0.0,8.6000003815,387.0,49412.0,5.1999998093
107.0,2018.0,8.0,31.0,9.0,0.0,0.0,8.6000003815,391.0,54508.0,4.4000000954
108.0,2018.0,8.0,31.0,10.0,0.0,0.0,11.5,386.0,59580.0,2.2999999523
109.0,2018.0,8.0,31.0,11.0,0.0,0.0,9.6999998093,382.0,43482.0,4.9000000954
110.0,2018.0,8.0,31.0,12.0,0.0,0.0,9.8000001907,378.0,48509.0,5.0
111.0,2018.0,8.0,31.0,13.0,0.0,0.0,10.199999809,375.0,48109.0,5.3000001907
112.0,2018.0,8.0,31.0,14.0,0.0,0.0,7.1999998093,384.0,45970.0,6.3000001907
113.0,2018.0,8.0,31.0,15.0,0.0,0.0,7.0,375.0,47211.0,6.5
114.0,2018.0,8.0,31.0,16.0,0.0,0.0,6.8000001907,371.0,56523.0,7.3000001907
115.0,2018.0,8.0,31.0,17.0,0.0,0.0,7.5,371.0,47334.0,7.9000000954
116.0,2018.0,8.0,31.0,18.0,0.0,0.0,8.8999996185,374.0,46419.0,6.4000000954
117.0,2018.0,8.0,31.0,19.0,0.0,0.0,10.5,393.0,48741.0,4.8000001907
118.0,2018.0,8.0,31.0,20.0,0.0,0.0,7.4000000954,391.0,59849.0,5.0999999046
119.0,2018.0,8.0,31.0,21.0,0.0,0.0,6.0999999046,390.0,45919.0,5.6999998093
120.0,2018.0,8.0,31.0,22.0,0.0,0.0,5.0999999046,391.0,47492.0,5.5999999046
121.0,2018.0,8.0,31.0,23.0,0.0,0.0,4.3000001907,395.0,48783.0,5.5
122.0,2018.0,9.0,1.0,0.0,0.0,0.0,5.4000000954,383.0,49437.0,4.6999998093
123.0,2018.0,9.0,1.0,1.0,0.0,0.0,5.8000001907,372.0,48146.0,3.7000000477
124.0,2018.0,9.0,1.0,2.0,0.0,0.0,5.8000001907,372.0,46082.0,3.4000000954
125.0,2018.0,9.0,1.0,3.0,0.0,0.0,6.3000001907,374.0,46079.0,3.0999999046
126.0,2018.0,9.0,1.0,4.0,0.0,0.0,6.5999999046,375.0,49812.0,3.2000000477
127.0,2018.0,9.0,1.0,5.0,0.0,0.0,6.0999999046,384.0,44101.0,3.9000000954
128.0,2018.0,9.0,1.0,6.0,0.0,0.0,6.5,383.0,45790.0,3.5999999046
129.0,2018.0,9.0,1.0,7.0,0.0,0.0,7.0999999046,382.0,41225.0,3.5
130.0,2018.0,9.0,1.0,8.0,0.0,0.0,7.0999999046,387.0,31630.0,3.5
131.0,2018.0,9.0,1.0,9.0,0.0,0.0,7.5,384.0,28849.0,3.2000000477
132.0,2018.0,9.0,1.0,10.0,0.0,0.0,6.8000001907,379.0,31230.0,3.5
133.0,2018.0,9.0,1.0,11.0,0.0,0.0,6.0,382.0,42516.0,4.0
134.0,2018.0,9.0,1.0,12.0,0.0,0.0,4.9000000954,393.0,51126.0,4.0
135.0,2018.0,9.0,1.0,13.0,0.0,0.0,5.5999999046,395.0,54418.0,3.2999999523
136.0,2018.0,9.0,1.0,14.0,0.0,0.0,5.4000000954,382.0,51173.0,3.5999999046
137.0,2018.0,9.0,1.0,15.0,0.0,0.0,5.0,378.0,41091.0,3.4000000954
138.0,2018.0,9.0,1.0,16.0,0.0,0.0,4.6999998093,373.0,34680.0,3.5999999046
139.0,2018.0,9.0,1.0,17.0,0.0,0.0,4.5,372.0,40971.0,3.0999999046
140.0,2018.0,9.0,1.0,18.0,0.0,0.0,4.1999998093,367.0,46029.0,3.0
141.0,2018.0,9.0,1.0,19.0,0.0,0.0,4.4000000954,366.0,39579.0,3.2999999523
142.0,2018.0,9.0,1.0,20.0,0.0,0.0,4.5,365.0,38570.0,3.2999999523
143.0,2018.0,9.0,1.0,21.0,0.0,0.0,5.3000001907,364.0,37379.0,3.2000000477
144.0,2018.0,9.0,1.0,22.0,0.0,0.0,6.0,361.0,32697.0,3.0
145.0,2018.0,9.0,1.0,23.0,0.0,0.0,6.8000001907,359.0,27298.0,2.7000000477
146.0,2018.0,9.0,2.0,0.0,0.0,0.0,6.5999999046,353.0,25973.0,2.5999999046
147.0,2018.0,9.0,2.0,1.0,0.0,0.0,7.8000001907,353.0,20395.0,2.2000000477
148.0,2018.0,9.0,2.0,2.0,0.0,0.0,9.6999998093,351.0,15456.0,1.2999999523
149.0,2018.0,9.0,2.0,3.0,0.0,0.0,10.300000191,355.0,15924.0,1.5
150.0,2018.0,9.0,2.0,4.0,0.0,0.0,11.0,348.0,17256.0,1.2999999523
151.0,2018.0,9.0,2.0,5.0,0.0,0.0,11.300000191,344.0,18000.0,1.5
152.0,2018.0,9.0,2.0,6.0,0.0,0.0,11.699999809,339.0,17373.0,1.6000000238
153.0,2018.0,9.0,2.0,7.0,0.0,0.0,12.199999809,335.0,17146.0,1.3999999762
154.0,2018.0,9.0,2.0,8.0,0.0,0.0,9.6000003815,331.0,18380.0,2.7000000477
155.0,2018.0,9.0,2.0,9.0,0.0,0.0,9.3000001907,324.0,14663.0,2.7999999523
156.0,2018.0,9.0,2.0,10.0,0.0,0.0,9.6000003815,321.0,16223.0,2.5
157.0,2018.0,9.0,2.0,11.0,0.0,0.0,7.3000001907,319.0,19216.0,3.0999999046
158.0,2018.0,9.0,2.0,12.0,0.0,0.0,7.0,317.0,18379.0,3.2999999523
159.0,2018.0,9.0,2.0,13.0,0.0,0.0,8.1000003815,315.0,20015.0,3.0999999046
160.0,2018.0,9.0,2.0,14.0,0.0,0.0,8.0,317.0,21856.0,3.7000000477
161.0,2018.0,9.0,2.0,15.0,0.0,0.0,5.5999999046,336.0,34471.0,4.6999998093
162.0,2018.0,9.0,2.0,16.0,0.0,0.0,8.1000003815,342.0,35911.0,4.1999998093
163.0,2018.0,9.0,2.0,17.0,0.0,0.0,9.3999996185,347.0,30764.0,4.0999999046
164.0,2018.0,9.0,2.0,18.0,0.0,0.0,9.1000003815,345.0,39320.0,3.2000000477
165.0,2018.0,9.0,2.0,19.0,0.0,0.0,9.3000001907,348.0,46621.0,2.7000000477
166.0,2018.0,9.0,2.0,20.0,0.0,0.0,9.0,346.0,41432.0,3.9000000954
167.0,2018.0,9.0,2.0,21.0,0.0,0.0,9.0,336.0,28887.0,4.4000000954
168.0,2018.0,9.0,2.0,22.0,0.0,0.0,11.600000381,351.0,31913.0,3.4000000954
169.0,2018.0,9.0,2.0,23.0,0.0,0.0,13.399999619,353.0,29484.0,2.2999999523
170.0,2018.0,9.0,3.0,0.0,0.0,0.0,14.399999619,343.0,23755.0,1.2000000477
171.0,2018.0,9.0,3.0,1.0,0.0,0.0,13.5,339.0,23299.0,1.7000000477
172.0,2018.0,9.0,3.0,2.0,0.0,0.0,12.399999619,341.0,24588.0,1.5
173.0,2018.0,9.0,3.0,3.0,0.0,0.0,10.699999809,342.0,26795.0,2.7999999523
174.0,2018.0,9.0,3.0,4.0,0.0,0.0,8.6999998093,340.0,27130.0,4.8000001907
175.0,2018.0,9.0,3.0,5.0,0.0,0.0,10.199999809,337.0,23087.0,3.9000000954
176.0,2018.0,9.0,3.0,6.0,0.0,0.0,11.899999619,337.0,20645.0,2.0
177.0,2018.0,9.0,3.0,7.0,0.0,0.0,12.800000191,343.0,25444.0,2.5
178.0,2018.0,9.0,3.0,8.0,0.0,0.0,12.800000191,340.0,25527.0,2.0999999046
179.0,2018.0,9.0,3.0,9.0,0.0,0.0,12.300000191,344.0,20110.0,2.5999999046
180.0,2018.0,9.0,3.0,10.0,0.0,0.0,11.0,340.0,22990.0,3.0999999046
181.0,2018.0,9.0,3.0,11.0,0.0,0.0,9.6000003815,340.0,20960.0,3.4000000954
182.0,2018.0,9.0,3.0,12.0,0.0,0.0,9.1999998093,336.0,22333.0,3.4000000954
183.0,2018.0,9.0,3.0,13.0,0.0,0.0,9.1999998093,335.0,18526.0,3.2000000477
184.0,2018.0,9.0,3.0,14.0,0.0,0.0,8.6999998093,341.0,24037.0,3.5999999046
185.0,2018.0,9.0,3.0,15.0,0.0,0.0,9.6000003815,344.0,36239.0,4.0
186.0,2018.0,9.0,3.0,16.0,0.0,0.0,10.300000191,341.0,48214.0,3.7000000477
187.0,2018.0,9.0,3.0,17.0,0.0,0.0,12.300000191,345.0,51651.0,3.0999999046
188.0,2018.0,9.0,3.0,18.0,0.0,0.0,15.0,350.0,26384.0,2.4000000954
189.0,2018.0,9.0,3.0,19.0,0.0,0.0,12.399999619,349.0,25561.0,2.5999999046
190.0,2018.0,9.0,3.0,20.0,0.0,0.0,13.399999619,344.0,19835.0,3.2000000477
191.0,2018.0,9.0,3.0,21.0,0.0,0.0,13.199999809,340.0,17445.0,2.4000000954
192.0,2018.0,9.0,3.0,22.0,0.0,0.0,12.5,339.0,20697.0,2.0
193.0,2018.0,9.0,3.0,23.0,0.0,0.0,14.300000191,339.0,24252.0,2.7000000477
194.0,2018.0,9.0,4.0,0.0,0.0,0.0,23.299999237,346.0,32489.0,4.0999999046
195.0,2018.0,9.0,4.0,1.0,0.0,0.0,25.100000381,356.0,33840.0,4.5999999046
196.0,2018.0,9.0,4.0,2.0,0.0,0.0,20.799999237,359.0,45090.0,5.1999998093
197.0,2018.0,9.0,4.0,3.0,0.0,0.0,17.399999619,357.0,38751.0,5.5
198.0,2018.0,9.0,4.0,4.0,0.0,0.0,14.600000381,357.0,33852.0,4.8000001907
199.0,2018.0,9.0,4.0,5.0,0.0,0.0,8.6000003815,359.0,22570.0,7.1999998093
200.0,2018.0,9.0,4.0,6.0,0.0,0.0,17.299999237,353.0,30435.0,4.1999998093
201.0,2018.0,9.0,4.0,7.0,0.0,0.0,12.300000191,365.0,52072.0,5.0
202.0,2018.0,9.0,4.0,8.0,0.0,0.0,9.3999996185,370.0,57822.0,5.1999998093
203.0,2018.0,9.0,4.0,9.0,0.0,0.0,8.6000003815,368.0,53667.0,4.6999998093
204.0,2018.0,9.0,4.0,10.0,0.0,0.0,9.6000003815,374.0,56644.0,3.9000000954
205.0,2018.0,9.0,4.0,11.0,0.0,0.0,10.399999619,382.0,65271.0,3.7999999523
206.0,2018.0,9.0,4.0,12.0,0.0,0.0,10.0,389.0,71798.0,4.5
207.0,2018.0,9.0,4.0,13.0,0.0,0.0,13.300000191,398.0,85676.0,4.0999999046
208.0,2018.0,9.0,4.0,14.0,0.0,0.0,13.199999809,394.0,87411.0,5.0
209.0,2018.0,9.0,4.0,15.0,0.0,0.0,10.100000381,393.0,65730.0,7.0
210.0,2018.0,9.0,4.0,16.0,0.0,0.0,7.9000000954,399.0,60503.0,7.1999998093
211.0,2018.0,9.0,4.0,17.0,0.0,0.0,7.4000000954,405.0,68687.0,6.5
212.0,2018.0,9.0,4.0,18.0,0.0,0.0,7.3000001907,423.0,83852.0,6.4000000954
213.0,2018.0,9.0,4.0,19.0,0.0,0.0,7.4000000954,422.0,86977.0,5.9000000954
214.0,2018.0,9.0,4.0,20.0,0.0,0.0,6.8000001907,413.0,75785.0,5.5999999046
215.0,2018.0,9.0,4.0,21.0,0.0,0.0,5.6999998093,417.0,65375.0,5.4000000954
216.0,2018.0,9.0,4.0,22.0,0.0,0.0,5.1999998093,418.0,75439.0,5.5
217.0,2018.0,9.0,4.0,23.0,0.0,0.0,4.5,416.0,68107.0,5.3000001907
218.0,2018.0,9.0,5.0,0.0,0.0,0.0,4.0999999046,427.0,64615.0,4.6999998093
219.0,2018.0,9.0,5.0,1.0,0.0,0.0,5.3000001907,467.0,81634.0,5.0999999046
220.0,2018.0,9.0,5.0,2.0,0.0,0.0,6.0999999046,473.0,78504.0,6.5
221.0,2018.0,9.0,5.0,3.0,0.0,0.0,7.8000001907,473.0,101253.0,5.5
222.0,2018.0,9.0,5.0,4.0,0.0,0.0,7.6999998093,478.0,100654.0,5.5999999046
223.0,2018.0,9.0,5.0,5.0,0.0,0.0,6.0,466.0,87806.0,6.4000000954
224.0,2018.0,9.0,5.0,6.0,0.0,0.0,7.8000001907,469.0,116602.0,3.7999999523
225.0,2018.0,9.0,5.0,7.0,0.0,0.0,6.5,480.0,123391.0,4.5999999046
226.0,2018.0,9.0,5.0,8.0,0.0,0.0,6.3000001907,476.0,124091.0,3.7999999523
227.0,2018.0,9.0,5.0,9.0,0.0,0.0,5.4000000954,474.0,122523.0,4.1999998093
228.0,2018.0,9.0,5.0,10.0,0.0,0.0,3.5999999046,475.0,174702.0,4.9000000954
229.0,2018.0,9.0,5.0,11.0,0.0,0.0,3.7999999523,475.0,167158.0,3.9000000954
230.0,2018.0,9.0,5.0,12.0,0.0,0.0,4.0,472.0,167872.0,3.7000000477
231.0,2018.0,9.0,5.0,13.0,0.0,0.0,3.5999999046,484.0,174591.0,5.1999998093
232.0,2018.0,9.0,5.0,14.0,0.0,0.0,2.7999999523,469.0,145394.0,5.5
233.0,2018.0,9.0,5.0,15.0,0.0,0.0,3.5,469.0,169108.0,4.3000001907
234.0,2018.0,9.0,5.0,16.0,0.0,0.0,3.4000000954,461.0,148344.0,4.5999999046
235.0,2018.0,9.0,5.0,17.0,0.0,0.0,3.5999999046,460.0,169254.0,3.5999999046
236.0,2018.0,9.0,5.0,18.0,0.0,0.0,3.2999999523,457.0,149984.0,4.3000001907
237.0,2018.0,9.0,5.0,19.0,0.0,0.0,3.5999999046,433.0,128653.0,3.5
238.0,2018.0,9.0,5.0,20.0,0.0,0.0,3.5999999046,433.0,109641.0,2.9000000954
239.0,2018.0,9.0,5.0,21.0,0.0,0.0,2.9000000954,441.0,69211.0,3.5999999046
240.0,2018.0,9.0,5.0,22.0,0.0,0.0,2.7999999523,443.0,84291.0,3.7999999523
241.0,2018.0,9.0,5.0,23.0,0.0,0.0,2.5,439.0,76834.0,3.7999999523
242.0,2018.0,9.0,6.0,0.0,0.0,0.0,2.2000000477,434.0,69155.0,3.2999999523
243.0,2018.0,9.0,6.0,1.0,0.0,0.0,1.8999999762,431.0,66656.0,3.9000000954
244.0,2018.0,9.0,6.0,2.0,0.0,0.0,2.4000000954,419.0,56080.0,3.7000000477
245.0,2018.0,9.0,6.0,3.0,0.0,0.0,2.9000000954,411.0,73227.0,3.0999999046
246.0,2018.0,9.0,6.0,4.0,0.0,0.0,2.9000000954,414.0,71812.0,3.0999999046
247.0,2018.0,9.0,6.0,5.0,0.0,0.0,3.5,414.0,65834.0,2.5
248.0,2018.0,9.0,6.0,6.0,0.0,0.0,4.0,406.0,56624.0,2.4000000954
249.0,2018.0,9.0,6.0,7.0,0.0,0.0,4.1999998093,400.0,54534.0,2.0
250.0,2018.0,9.0,6.0,8.0,0.0,0.0,4.1999998093,400.0,49958.0,2.0999999046
251.0,2018.0,9.0,6.0,9.0,0.0,0.0,4.4000000954,399.0,40216.0,2.5
252.0,2018.0,9.0,6.0,10.0,0.0,0.0,4.5999999046,393.0,42737.0,2.2000000477
253.0,2018.0,9.0,6.0,11.0,0.0,0.0,4.8000001907,391.0,47758.0,2.5
254.0,2018.0,9.0,6.0,12.0,0.0,0.0,5.0999999046,390.0,48072.0,2.4000000954
255.0,2018.0,9.0,6.0,13.0,0.0,0.0,5.3000001907,392.0,51890.0,2.2000000477
256.0,2018.0,9.0,6.0,14.0,0.0,0.0,5.5999999046,393.0,55618.0,2.5
257.0,2018.0,9.0,6.0,15.0,0.0,0.0,6.0999999046,392.0,53978.0,2.5999999046
258.0,2018.0,9.0,6.0,16.0,0.0,0.0,6.5,392.0,53651.0,2.9000000954
259.0,2018.0,9.0,6.0,17.0,0.0,0.0,6.3000001907,389.0,57375.0,2.9000000954
260.0,2018.0,9.0,6.0,18.0,0.0,0.0,6.4000000954,385.0,60935.0,3.2999999523
261.0,2018.0,9.0,6.0,19.0,0.0,0.0,6.4000000954,384.0,54357.0,4.0999999046
262.0,2018.0,9.0,6.0,20.0,0.0,0.0,7.4000000954,379.0,37189.0,4.5
263.0,2018.0,9.0,6.0,21.0,0.0,0.0,10.600000381,378.0,23371.0,3.0999999046
264.0,2018.0,9.0,6.0,22.0,0.0,0.0,14.699999809,391.0,32644.0,2.9000000954
265.0,2018.0,9.0,6.0,23.0,0.0,0.0,18.600000381,396.0,34288.0,2.7999999523
266.0,2018.0,9.0,7.0,0.0,0.0,0.0,24.399999619,401.0,41409.0,2.2000000477
267.0,2018.0,9.0,7.0,1.0,0.0,0.0,23.5,391.0,35068.0,3.2000000477
268.0,2018.0,9.0,7.0,2.0,0.0,0.0,19.700000763,382.0,35980.0,3.9000000954
269.0,2018.0,9.0,7.0,3.0,0.0,0.0,18.700000763,389.0,56930.0,5.8000001907
270.0,2018.0,9.0,7.0,4.0,0.0,0.0,18.600000381,419.0,93097.0,7.9000000954
271.0,2018.0,9.0,7.0,5.0,0.0,0.0,14.600000381,427.0,88274.0,10.0
272.0,2018.0,9.0,7.0,6.0,0.0,0.0,11.800000191,436.0,162509.0,10.5
273.0,2018.0,9.0,7.0,7.0,0.0,0.0,6.8000001907,480.0,209205.0,10.399999619
274.0,2018.0,9.0,7.0,8.0,0.0,0.0,5.8000001907,481.0,260943.0,8.6000003815
275.0,2018.0,9.0,7.0,9.0,0.0,0.0,6.1999998093,482.0,256039.0,6.6999998093
276.0,2018.0,9.0,7.0,10.0,0.0,0.0,5.0999999046,485.0,233534.0,7.0
277.0,2018.0,9.0,7.0,11.0,0.0,0.0,4.5,479.0,212868.0,6.0
278.0,2018.0,9.0,7.0,12.0,0.0,0.0,3.4000000954,488.0,182407.0,4.5999999046
279.0,2018.0,9.0,7.0,13.0,0.0,0.0,2.0999999046,480.0,85872.0,5.0
280.0,2018.0,9.0,7.0,14.0,0.0,0.0,2.5,460.0,81275.0,4.6999998093
281.0,2018.0,9.0,7.0,15.0,0.0,0.0,3.0999999046,451.0,72058.0,4.3000001907
282.0,2018.0,9.0,7.0,16.0,0.0,0.0,3.0999999046,432.0,70335.0,4.1999998093
283.0,2018.0,9.0,7.0,17.0,0.0,0.0,2.5999999046,428.0,63272.0,4.3000001907
284.0,2018.0,9.0,7.0,18.0,0.0,0.0,2.2000000477,427.0,53829.0,4.3000001907
285.0,2018.0,9.0,7.0,19.0,0.0,0.0,2.0,423.0,60503.0,4.0999999046
286.0,2018.0,9.0,7.0,20.0,0.0,0.0,2.4000000954,418.0,36635.0,3.7999999523
287.0,2018.0,9.0,7.0,21.0,0.0,0.0,2.7000000477,418.0,33097.0,3.2000000477
288.0,2018.0,9.0,7.0,22.0,0.0,0.0,2.5,408.0,33925.0,3.7000000477
289.0,2018.0,9.0,7.0,23.0,0.0,0.0,3.5999999046,412.0,44216.0,3.0999999046
290.0,2018.0,9.0,8.0,0.0,0.0,0.0,3.7000000477,401.0,51122.0,3.0999999046
291.0,2018.0,9.0,8.0,1.0,0.0,0.0,4.3000001907,385.0,52287.0,2.5
292.0,2018.0,9.0,8.0,2.0,0.0,0.0,4.5,378.0,55405.0,1.7000000477
293.0,2018.0,9.0,8.0,3.0,0.0,0.0,4.5999999046,373.0,51019.0,2.2000000477
294.0,2018.0,9.0,8.0,4.0,0.0,0.0,5.4000000954,374.0,50833.0,1.8999999762
295.0,2018.0,9.0,8.0,5.0,0.0,0.0,6.8000001907,376.0,53817.0,2.2999999523
296.0,2018.0,9.0,8.0,6.0,0.0,0.0,8.0,369.0,47459.0,3.4000000954
297.0,2018.0,9.0,8.0,7.0,0.0,0.0,12.399999619,380.0,50661.0,4.0
298.0,2018.0,9.0,8.0,8.0,0.0,0.0,12.0,382.0,32728.0,4.9000000954
299.0,2018.0,9.0,8.0,9.0,0.0,0.0,10.199999809,383.0,31726.0,5.0
300.0,2018.0,9.0,8.0,10.0,0.0,0.0,10.399999619,376.0,29163.0,3.5999999046
301.0,2018.0,9.0,8.0,11.0,0.0,0.0,8.6000003815,360.0,40352.0,3.0999999046
302.0,2018.0,9.0,8.0,12.0,0.0,0.0,7.5999999046,358.0,36454.0,3.7999999523
303.0,2018.0,9.0,8.0,13.0,0.0,0.0,8.8000001907,365.0,35969.0,3.2999999523
304.0,2018.0,9.0,8.0,14.0,0.0,0.0,9.6000003815,374.0,33815.0,2.7000000477
305.0,2018.0,9.0,8.0,15.0,0.0,0.0,9.5,377.0,33188.0,2.7000000477
306.0,2018.0,9.0,8.0,16.0,0.0,0.0,8.6000003815,372.0,36212.0,4.1999998093
307.0,2018.0,9.0,8.0,17.0,0.0,0.0,8.3999996185,370.0,32884.0,4.9000000954
308.0,2018.0,9.0,8.0,18.0,0.0,0.0,6.0,383.0,42437.0,5.4000000954
309.0,2018.0,9.0,8.0,19.0,0.0,0.0,5.9000000954,381.0,49131.0,4.9000000954
310.0,2018.0,9.0,8.0,20.0,0.0,0.0,6.5999999046,403.0,79437.0,4.3000001907
311.0,2018.0,9.0,8.0,21.0,0.0,0.0,6.0,398.0,80664.0,3.5
312.0,2018.0,9.0,8.0,22.0,0.0,0.0,6.8000001907,407.0,62481.0,3.2999999523
313.0,2018.0,9.0,8.0,23.0,0.0,0.0,7.5,401.0,34742.0,3.7000000477
314.0,2018.0,9.0,9.0,0.0,0.0,0.0,6.1999998093,399.0,33443.0,3.2999999523
315.0,2018.0,9.0,9.0,1.0,0.0,0.0,5.1999998093,405.0,33430.0,3.5
316.0,2018.0,9.0,9.0,2.0,0.0,0.0,5.0999999046,396.0,34563.0,3.2999999523
317.0,2018.0,9.0,9.0,3.0,0.0,0.0,5.6999998093,383.0,34459.0,2.7999999523
318.0,2018.0,9.0,9.0,4.0,0.0,0.0,5.9000000954,384.0,37239.0,2.5
319.0,2018.0,9.0,9.0,5.0,0.0,0.0,6.5999999046,391.0,32275.0,2.4000000954
320.0,2018.0,9.0,9.0,6.0,0.0,0.0,8.1000003815,391.0,32080.0,2.0999999046
321.0,2018.0,9.0,9.0,7.0,0.0,0.0,9.1000003815,392.0,36981.0,2.2000000477
322.0,2018.0,9.0,9.0,8.0,0.0,0.0,9.1999998093,388.0,33580.0,3.9000000954
323.0,2018.0,9.0,9.0,9.0,0.0,0.0,5.0999999046,376.0,17618.0,5.8000001907
324.0,2018.0,9.0,9.0,10.0,0.0,0.0,3.5,378.0,14031.0,6.0999999046
325.0,2018.0,9.0,9.0,11.0,0.0,0.0,3.5999999046,377.0,13699.0,6.4000000954
326.0,2018.0,9.0,9.0,12.0,0.0,0.0,4.5,374.0,12655.0,6.5
327.0,2018.0,9.0,9.0,13.0,0.0,0.0,4.6999998093,370.0,13201.0,6.8000001907
328.0,2018.0,9.0,9.0,14.0,0.0,0.0,6.4000000954,365.0,29061.0,6.4000000954
329.0,2018.0,9.0,9.0,15.0,0.0,0.0,6.6999998093,368.0,49646.0,5.0
330.0,2018.0,9.0,9.0,16.0,0.0,0.0,6.5,368.0,48098.0,5.1999998093
331.0,2018.0,9.0,9.0,17.0,0.0,0.0,5.0999999046,363.0,46982.0,4.6999998093
332.0,2018.0,9.0,9.0,18.0,0.0,0.0,4.9000000954,360.0,27815.0,4.9000000954
333.0,2018.0,9.0,9.0,19.0,0.0,0.0,5.6999998093,371.0,44028.0,4.0
334.0,2018.0,9.0,9.0,20.0,0.0,0.0,6.0,372.0,39477.0,3.2000000477
335.0,2018.0,9.0,9.0,21.0,0.0,0.0,5.5,375.0,32632.0,3.2999999523
336.0,2018.0,9.0,9.0,22.0,0.0,0.0,4.3000001907,398.0,30637.0,2.7999999523
337.0,2018.0,9.0,9.0,23.0,0.0,0.0,3.2000000477,413.0,12484.0,3.5999999046
338.0,2018.0,9.0,10.0,0.0,0.0,0.0,3.2999999523,405.0,10324.0,3.4000000954
339.0,2018.0,9.0,10.0,1.0,0.0,0.0,3.4000000954,398.0,7356.0,3.5
340.0,2018.0,9.0,10.0,2.0,0.0,0.0,3.0999999046,395.0,6887.0,3.5
341.0,2018.0,9.0,10.0,3.0,0.0,0.0,3.4000000954,391.0,9638.0,3.2999999523
342.0,2018.0,9.0,10.0,4.0,0.0,0.0,4.0,379.0,15302.0,2.9000000954
343.0,2018.0,9.0,10.0,5.0,0.0,0.0,4.5999999046,369.0,17320.0,2.5
344.0,2018.0,9.0,10.0,6.0,0.0,0.0,3.9000000954,370.0,12443.0,3.0999999046
345.0,2018.0,9.0,10.0,7.0,0.0,0.0,4.0,361.0,12542.0,3.4000000954
346.0,2018.0,9.0,10.0,8.0,0.0,0.0,5.0999999046,352.0,13937.0,3.0
347.0,2018.0,9.0,10.0,9.0,0.0,0.0,6.5,350.0,13466.0,3.2999999523
348.0,2018.0,9.0,10.0,10.0,0.0,0.0,8.3999996185,353.0,13361.0,4.3000001907
349.0,2018.0,9.0,10.0,11.0,0.0,0.0,11.300000191,361.0,16920.0,6.3000001907
350.0,2018.0,9.0,10.0,12.0,0.0,0.0,11.199999809,375.0,25443.0,6.6999998093
351.0,2018.0,9.0,10.0,13.0,0.0,0.0,12.600000381,375.0,26770.0,7.1999998093
352.0,2018.0,9.0,10.0,14.0,0.0,0.0,17.700000763,380.0,22802.0,6.9000000954
353.0,2018.0,9.0,10.0,15.0,0.0,0.0,20.700000763,381.0,26386.0,7.4000000954
354.0,2018.0,9.0,10.0,16.0,0.0,0.0,18.899999619,382.0,42845.0,8.6999998093
355.0,2018.0,9.0,10.0,17.0,0.0,0.0,18.899999619,402.0,75224.0,9.1000003815
356.0,2018.0,9.0,10.0,18.0,0.0,0.0,16.700000763,402.0,120573.0,9.3999996185
357.0,2018.0,9.0,10.0,19.0,0.0,0.0,17.899999619,402.0,117287.0,10.600000381
358.0,2018.0,9.0,10.0,20.0,0.0,0.0,17.299999237,408.0,144295.0,11.100000381
359.0,2018.0,9.0,10.0,21.0,0.0,0.0,13.100000381,432.0,170117.0,11.899999619
360.0,2018.0,9.0,10.0,22.0,0.0,0.0,10.899999619,477.0,203362.0,12.800000191
361.0,2018.0,9.0,10.0,23.0,0.0,0.0,7.5999999046,498.0,231697.0,13.5
362.0,2018.0,9.0,11.0,0.0,0.0,0.0,5.8000001907,489.0,192433.0,14.199999809
363.0,2018.0,9.0,11.0,1.0,0.0,0.0,6.8000001907,501.0,297773.0,11.5
364.0,2018.0,9.0,11.0,2.0,0.0,0.0,7.1999998093,512.0,280269.0,10.600000381
365.0,2018.0,9.0,11.0,3.0,0.0,0.0,7.0999999046,553.0,347249.0,9.3000001907
366.0,2018.0,9.0,11.0,4.0,0.0,0.0,6.3000001907,555.0,333111.0,10.5
367.0,2018.0,9.0,11.0,5.0,0.0,0.0,6.5,563.0,295916.0,11.199999809
368.0,2018.0,9.0,11.0,6.0,0.0,0.0,7.6999998093,570.0,303462.0,10.899999619
369.0,2018.0,9.0,11.0,7.0,0.0,0.0,7.8000001907,552.0,296802.0,10.600000381
370.0,2018.0,9.0,11.0,8.0,0.0,0.0,7.6999998093,557.0,245614.0,11.5
371.0,2018.0,9.0,11.0,9.0,0.0,0.0,7.9000000954,549.0,333549.0,11.300000191
372.0,2018.0,9.0,11.0,10.0,0.0,0.0,6.5,547.0,264285.0,10.199999809
373.0,2018.0,9.0,11.0,11.0,0.0,0.0,7.1999998093,565.0,193878.0,9.1000003815
374.0,2018.0,9.0,11.0,12.0,0.0,0.0,8.0,554.0,185374.0,9.3000001907
375.0,2018.0,9.0,11.0,13.0,0.0,0.0,3.9000000954,549.0,140289.0,7.1999998093
376.0,2018.0,9.0,11.0,14.0,0.0,0.0,3.0999999046,548.0,108806.0,6.3000001907
377.0,2018.0,9.0,11.0,15.0,0.0,0.0,2.9000000954,552.0,94857.0,6.3000001907
378.0,2018.0,9.0,11.0,16.0,0.0,0.0,2.5999999046,557.0,87657.0,6.0
379.0,2018.0,9.0,11.0,17.0,0.0,0.0,2.7000000477,555.0,124345.0,6.0
380.0,2018.0,9.0,11.0,18.0,0.0,0.0,2.5999999046,555.0,112306.0,5.9000000954
381.0,2018.0,9.0,11.0,19.0,0.0,0.0,2.2999999523,545.0,94494.0,5.9000000954
382.0,2018.0,9.0,11.0,20.0,0.0,0.0,2.5,549.0,117573.0,5.6999998093
383.0,2018.0,9.0,11.0,21.0,0.0,0.0,2.5999999046,549.0,123397.0,5.5999999046
384.0,2018.0,9.0,11.0,22.0,0.0,0.0,2.2000000477,537.0,96428.0,5.9000000954
385.0,2018.0,9.0,11.0,23.0,0.0,0.0,2.2000000477,556.0,91548.0,5.9000000954
386.0,2018.0,9.0,12.0,0.0,0.0,0.0,2.2999999523,544.0,90361.0,6.3000001907
387.0,2018.0,9.0,12.0,1.0,0.0,0.0,2.0,537.0,108521.0,5.9000000954
388.0,2018.0,9.0,12.0,2.0,0.0,0.0,1.7000000477,528.0,95145.0,5.5
389.0,2018.0,9.0,12.0,3.0,0.0,0.0,1.7000000477,522.0,97646.0,5.5
390.0,2018.0,9.0,12.0,4.0,0.0,0.0,1.7000000477,530.0,93810.0,5.5999999046
391.0,2018.0,9.0,12.0,5.0,0.0,0.0,1.7000000477,531.0,97651.0,5.4000000954
392.0,2018.0,9.0,12.0,6.0,0.0,0.0,1.6000000238,519.0,118660.0,5.4000000954
393.0,2018.0,9.0,12.0,7.0,0.0,0.0,2.2999999523,555.0,163178.0,5.1999998093
394.0,2018.0,9.0,12.0,8.0,0.0,0.0,2.2999999523,531.0,150892.0,5.0999999046
395.0,2018.0,9.0,12.0,9.0,0.0,0.0,1.7999999523,510.0,99947.0,5.5999999046
396.0,2018.0,9.0,12.0,10.0,0.0,0.0,2.2000000477,507.0,113328.0,5.5999999046
397.0,2018.0,9.0,12.0,11.0,0.0,0.0,3.5,533.0,171026.0,4.4000000954
398.0,2018.0,9.0,12.0,12.0,0.0,0.0,3.2999999523,519.0,163820.0,4.6999998093
399.0,2018.0,9.0,12.0,13.0,0.0,0.0,2.5,496.0,129043.0,4.9000000954
400.0,2018.0,9.0,12.0,14.0,0.0,0.0,3.7000000477,514.0,149938.0,5.0
401.0,2018.0,9.0,12.0,15.0,0.0,0.0,3.7000000477,498.0,131512.0,5.6999998093
402.0,2018.0,9.0,12.0,16.0,0.0,0.0,2.9000000954,480.0,108790.0,5.3000001907
403.0,2018.0,9.0,12.0,17.0,0.0,0.0,3.4000000954,477.0,102292.0,5.3000001907
404.0,2018.0,9.0,12.0,18.0,0.0,0.0,4.3000001907,498.0,116260.0,5.0999999046
405.0,2018.0,9.0,12.0,19.0,0.0,0.0,4.6999998093,489.0,148995.0,3.9000000954
406.0,2018.0,9.0,12.0,20.0,0.0,0.0,4.4000000954,474.0,133801.0,4.4000000954
407.0,2018.0,9.0,12.0,21.0,0.0,0.0,4.4000000954,482.0,127201.0,4.4000000954
408.0,2018.0,9.0,12.0,22.0,0.0,0.0,5.0999999046,498.0,128969.0,4.5
409.0,2018.0,9.0,12.0,23.0,0.0,0.0,5.3000001907,491.0,104607.0,5.0
410.0,2018.0,9.0,13.0,0.0,0.0,0.0,5.8000001907,486.0,115039.0,4.5999999046
411.0,2018.0,9.0,13.0,1.0,0.0,0.0,5.8000001907,485.0,115590.0,4.6999998093
412.0,2018.0,9.0,13.0,2.0,0.0,0.0,6.3000001907,487.0,114285.0,4.6999998093
413.0,2018.0,9.0,13.0,3.0,0.0,0.0,6.5,486.0,115342.0,4.5999999046
414.0,2018.0,9.0,13.0,4.0,0.0,0.0,6.5,477.0,121137.0,3.7999999523
415.0,2018.0,9.0,13.0,5.0,0.0,0.0,6.8000001907,478.0,109789.0,4.9000000954
416.0,2018.0,9.0,13.0,6.0,0.0,0.0,7.0999999046,477.0,110635.0,4.9000000954
417.0,2018.0,9.0,13.0,7.0,0.0,0.0,6.9000000954,479.0,112953.0,4.9000000954
418.0,2018.0,9.0,13.0,8.0,0.0,0.0,6.5,484.0,112859.0,5.5
419.0,2018.0,9.0,13.0,9.0,0.0,0.0,6.4000000954,484.0,120719.0,6.0
420.0,2018.0,9.0,13.0,10.0,0.0,0.0,6.0,473.0,120985.0,6.1999998093
421.0,2018.0,9.0,13.0,11.0,0.0,0.0,6.1999998093,481.0,101018.0,6.3000001907
422.0,2018.0,9.0,13.0,12.0,0.0,0.0,5.5999999046,488.0,137489.0,5.5999999046
423.0,2018.0,9.0,13.0,13.0,0.0,0.0,4.3000001907,464.0,128585.0,5.0999999046
424.0,2018.0,9.0,13.0,14.0,0.0,0.0,4.4000000954,476.0,130389.0,6.3000001907
425.0,2018.0,9.0,13.0,15.0,0.0,0.0,4.5999999046,493.0,161989.0,6.6999998093
426.0,2018.0,9.0,13.0,16.0,0.0,0.0,4.0999999046,499.0,159440.0,6.0
427.0,2018.0,9.0,13.0,17.0,0.0,0.0,4.4000000954,512.0,175437.0,5.5
428.0,2018.0,9.0,13.0,18.0,0.0,0.0,4.3000001907,524.0,173578.0,5.5
429.0,2018.0,9.0,13.0,19.0,0.0,0.0,3.5,526.0,176005.0,5.1999998093
430.0,2018.0,9.0,13.0,20.0,0.0,0.0,3.0999999046,514.0,134108.0,5.6999998093
431.0,2018.0,9.0,13.0,21.0,0.0,0.0,2.5999999046,513.0,113491.0,5.8000001907
432.0,2018.0,9.0,13.0,22.0,0.0,0.0,2.9000000954,531.0,122406.0,5.5
433.0,2018.0,9.0,13.0,23.0,0.0,0.0,3.0999999046,551.0,166656.0,5.5
434.0,2018.0,9.0,14.0,0.0,0.0,0.0,3.7999999523,565.0,181057.0,4.8000001907
435.0,2018.0,9.0,14.0,1.0,0.0,0.0,3.5999999046,568.0,196768.0,4.4000000954
436.0,2018.0,9.0,14.0,2.0,0.0,0.0,3.0999999046,564.0,159521.0,5.5999999046
437.0,2018.0,9.0,14.0,3.0,0.0,0.0,3.2000000477,544.0,184942.0,5.1999998093
438.0,2018.0,9.0,14.0,4.0,0.0,0.0,3.0999999046,546.0,150474.0,5.0999999046
439.0,2018.0,9.0,14.0,5.0,0.0,0.0,3.0,546.0,157224.0,4.3000001907
440.0,2018.0,9.0,14.0,6.0,0.0,0.0,2.7000000477,554.0,133185.0,4.3000001907
441.0,2018.0,9.0,14.0,7.0,0.0,0.0,2.4000000954,558.0,116763.0,4.3000001907
442.0,2018.0,9.0,14.0,8.0,0.0,0.0,2.5,551.0,111406.0,4.4000000954
443.0,2018.0,9.0,14.0,9.0,0.0,0.0,2.7000000477,551.0,120958.0,4.5
444.0,2018.0,9.0,14.0,10.0,0.0,0.0,2.7000000477,547.0,118993.0,4.6999998093
445.0,2018.0,9.0,14.0,11.0,0.0,0.0,2.9000000954,546.0,113552.0,4.6999998093
446.0,2018.0,9.0,14.0,12.0,0.0,0.0,3.4000000954,543.0,132823.0,5.0999999046
447.0,2018.0,9.0,14.0,13.0,0.0,0.0,3.0,541.0,116064.0,5.0
448.0,2018.0,9.0,14.0,14.0,0.0,0.0,2.2999999523,533.0,105335.0,4.9000000954
449.0,2018.0,9.0,14.0,15.0,0.0,0.0,3.2000000477,545.0,123996.0,5.0999999046
450.0,2018.0,9.0,14.0,16.0,0.0,0.0,3.7999999523,548.0,155512.0,4.9000000954
451.0,2018.0,9.0,14.0,17.0,0.0,0.0,3.4000000954,586.0,185243.0,4.9000000954
452.0,2018.0,9.0,14.0,18.0,0.0,0.0,3.2999999523,602.0,196514.0,4.9000000954
453.0,2018.0,9.0,14.0,19.0,0.0,0.0,3.0999999046,597.0,195539.0,4.9000000954
454.0,2018.0,9.0,14.0,20.0,0.0,0.0,2.7000000477,631.0,186799.0,4.5
455.0,2018.0,9.0,14.0,21.0,0.0,0.0,3.0,671.0,211314.0,4.3000001907
456.0,2018.0,9.0,14.0,22.0,0.0,0.0,2.5999999046,669.0,229766.0,4.1999998093
457.0,2018.0,9.0,14.0,23.0,0.0,0.0,1.6000000238,688.0,204054.0,3.0
458.0,2018.0,9.0,15.0,0.0,0.0,0.0,1.5,679.0,177081.0,2.7999999523
459.0,2018.0,9.0,15.0,1.0,0.0,0.0,1.5,670.0,146446.0,2.7999999523
460.0,2018.0,9.0,15.0,2.0,0.0,0.0,1.6000000238,646.0,131114.0,2.9000000954
461.0,2018.0,9.0,15.0,3.0,0.0,0.0,1.7999999523,618.0,106978.0,3.2000000477
462.0,2018.0,9.0,15.0,4.0,0.0,0.0,1.7999999523,600.0,107149.0,2.9000000954
463.0,2018.0,9.0,15.0,5.0,0.0,0.0,2.0,577.0,105462.0,2.2000000477
464.0,2018.0,9.0,15.0,6.0,0.0,0.0,2.0999999046,573.0,115364.0,2.0
465.0,2018.0,9.0,15.0,7.0,0.0,0.0,2.0,575.0,102963.0,3.4000000954
466.0,2018.0,9.0,15.0,8.0,0.0,0.0,2.0999999046,560.0,119854.0,2.2999999523
467.0,2018.0,9.0,15.0,9.0,0.0,0.0,2.0,549.0,122250.0,2.0999999046
468.0,2018.0,9.0,15.0,10.0,0.0,0.0,1.8999999762,543.0,100530.0,2.9000000954
469.0,2018.0,9.0,15.0,11.0,0.0,0.0,1.7999999523,535.0,105766.0,3.0
470.0,2018.0,9.0,15.0,12.0,0.0,0.0,2.0,535.0,98792.0,2.5999999046
471.0,2018.0,9.0,15.0,13.0,0.0,0.0,2.2000000477,550.0,114537.0,1.7999999523
472.0,2018.0,9.0,15.0,14.0,0.0,0.0,1.8999999762,526.0,101070.0,2.5999999046
473.0,2018.0,9.0,15.0,15.0,0.0,0.0,2.0999999046,531.0,101814.0,2.0999999046
474.0,2018.0,9.0,15.0,16.0,0.0,0.0,1.8999999762,527.0,87910.0,3.5999999046
475.0,2018.0,9.0,15.0,17.0,0.0,0.0,1.8999999762,523.0,63422.0,3.5
476.0,2018.0,9.0,15.0,18.0,0.0,0.0,1.7999999523,503.0,70763.0,2.4000000954
477.0,2018.0,9.0,15.0,19.0,0.0,0.0,1.7999999523,480.0,77475.0,2.4000000954
478.0,2018.0,9.0,15.0,20.0,0.0,0.0,2.0,480.0,78886.0,2.2999999523
479.0,2018.0,9.0,15.0,21.0,0.0,0.0,2.0,475.0,74758.0,2.4000000954
480.0,2018.0,9.0,15.0,22.0,0.0,0.0,2.2999999523,472.0,77324.0,1.8999999762
481.0,2018.0,9.0,15.0,23.0,0.0,0.0,2.5999999046,471.0,80485.0,1.7000000477
482.0,2018.0,9.0,16.0,0.0,0.0,0.0,2.2000000477,464.0,64742.0,2.7000000477
483.0,2018.0,9.0,16.0,1.0,0.0,0.0,2.4000000954,459.0,48729.0,3.0
484.0,2018.0,9.0,16.0,2.0,0.0,0.0,3.0,468.0,62502.0,3.2000000477
485.0,2018.0,9.0,16.0,3.0,0.0,0.0,3.2000000477,464.0,74391.0,2.4000000954
486.0,2018.0,9.0,16.0,4.0,0.0,0.0,3.0,443.0,55971.0,3.4000000954
487.0,2018.0,9.0,16.0,5.0,0.0,0.0,3.2000000477,442.0,56559.0,3.7000000477
488.0,2018.0,9.0,16.0,6.0,0.0,0.0,4.0,440.0,54683.0,3.2999999523
489.0,2018.0,9.0,16.0,7.0,0.0,0.0,4.6999998093,442.0,45024.0,2.5
490.0,2018.0,9.0,16.0,8.0,0.0,0.0,5.1999998093,434.0,45396.0,2.2000000477
491.0,2018.0,9.0,16.0,9.0,0.0,0.0,4.9000000954,421.0,45124.0,3.0
492.0,2018.0,9.0,16.0,10.0,0.0,0.0,4.5,420.0,36795.0,3.2999999523
493.0,2018.0,9.0,16.0,11.0,0.0,0.0,5.0999999046,421.0,45341.0,2.4000000954
494.0,2018.0,9.0,16.0,12.0,0.0,0.0,4.9000000954,421.0,45847.0,2.2000000477
495.0,2018.0,9.0,16.0,13.0,0.0,0.0,4.9000000954,416.0,43311.0,2.4000000954
496.0,2018.0,9.0,16.0,14.0,0.0,0.0,5.1999998093,413.0,43083.0,2.5
497.0,2018.0,9.0,16.0,15.0,0.0,0.0,4.6999998093,400.0,42466.0,3.0999999046
498.0,2018.0,9.0,16.0,16.0,0.0,0.0,5.1999998093,396.0,44156.0,3.0
499.0,2018.0,9.0,16.0,17.0,0.0,0.0,5.5,391.0,43747.0,2.7999999523
500.0,2018.0,9.0,16.0,18.0,0.0,0.0,5.4000000954,388.0,43162.0,3.0
501.0,2018.0,9.0,16.0,19.0,0.0,0.0,4.8000001907,384.0,40985.0,3.2999999523
502.0,2018.0,9.0,16.0,20.0,0.0,0.0,4.3000001907,375.0,48475.0,3.7999999523
503.0,2018.0,9.0,16.0,21.0,0.0,0.0,5.3000001907,383.0,47922.0,3.9000000954
504.0,2018.0,9.0,16.0,22.0,0.0,0.0,7.0,381.0,47075.0,3.7000000477
505.0,2018.0,9.0,16.0,23.0,0.0,0.0,7.6999998093,381.0,44118.0,3.7000000477
506.0,2018.0,9.0,17.0,0.0,0.0,0.0,8.6999998093,381.0,44595.0,3.7999999523
507.0,2018.0,9.0,17.0,1.0,0.0,0.0,12.5,391.0,35598.0,5.3000001907
508.0,2018.0,9.0,17.0,2.0,0.0,0.0,21.899999619,407.0,35099.0,6.6999998093
509.0,2018.0,9.0,17.0,3.0,0.0,0.0,8.6000003815,416.0,67592.0,10.800000191
510.0,2018.0,9.0,17.0,4.0,0.0,0.0,7.6999998093,425.0,110725.0,9.3999996185
511.0,2018.0,9.0,17.0,5.0,0.0,0.0,8.0,446.0,149973.0,6.0
512.0,2018.0,9.0,17.0,6.0,0.0,0.0,7.3000001907,496.0,134697.0,6.6999998093
513.0,2018.0,9.0,17.0,7.0,0.0,0.0,4.9000000954,528.0,131573.0,6.5999999046
514.0,2018.0,9.0,17.0,8.0,0.0,0.0,6.4000000954,561.0,241587.0,6.9000000954
515.0,2018.0,9.0,17.0,9.0,0.0,0.0,7.5999999046,545.0,276217.0,6.4000000954
516.0,2018.0,9.0,17.0,10.0,0.0,0.0,8.0,531.0,276870.0,6.9000000954
517.0,2018.0,9.0,17.0,11.0,0.0,0.0,7.9000000954,510.0,248908.0,9.3999996185
518.0,2018.0,9.0,17.0,12.0,0.0,0.0,8.3999996185,512.0,245911.0,9.8000001907
519.0,2018.0,9.0,17.0,13.0,0.0,0.0,7.8000001907,528.0,268464.0,8.1999998093
520.0,2018.0,9.0,17.0,14.0,0.0,0.0,8.1000003815,529.0,270204.0,8.5
521.0,2018.0,9.0,17.0,15.0,0.0,0.0,8.1000003815,514.0,253315.0,8.6000003815
522.0,2018.0,9.0,17.0,16.0,0.0,0.0,8.3000001907,499.0,255348.0,8.3000001907
523.0,2018.0,9.0,17.0,17.0,0.0,0.0,7.9000000954,523.0,252140.0,8.1999998093
524.0,2018.0,9.0,17.0,18.0,0.0,0.0,5.9000000954,536.0,169677.0,5.6999998093
525.0,2018.0,9.0,17.0,19.0,0.0,0.0,4.0999999046,543.0,144411.0,4.0
526.0,2018.0,9.0,17.0,20.0,0.0,0.0,4.3000001907,546.0,138292.0,4.0999999046
527.0,2018.0,9.0,17.0,21.0,0.0,0.0,4.0,554.0,133291.0,3.9000000954
528.0,2018.0,9.0,17.0,22.0,0.0,0.0,3.9000000954,558.0,132237.0,3.5
529.0,2018.0,9.0,17.0,23.0,0.0,0.0,3.5,553.0,125992.0,4.1999998093
530.0,2018.0,9.0,18.0,0.0,0.0,0.0,3.0,529.0,118886.0,4.3000001907
531.0,2018.0,9.0,18.0,1.0,0.0,0.0,3.0999999046,538.0,129232.0,4.4000000954
532.0,2018.0,9.0,18.0,2.0,0.0,0.0,3.0999999046,539.0,136343.0,4.4000000954
533.0,2018.0,9.0,18.0,3.0,0.0,0.0,3.2999999523,537.0,160804.0,3.4000000954
534.0,2018.0,9.0,18.0,4.0,0.0,0.0,3.2999999523,528.0,140281.0,3.7000000477
535.0,2018.0,9.0,18.0,5.0,0.0,0.0,3.2000000477,534.0,134733.0,4.0999999046
536.0,2018.0,9.0,18.0,6.0,0.0,0.0,3.0,528.0,127425.0,3.9000000954
537.0,2018.0,9.0,18.0,7.0,0.0,0.0,2.7000000477,539.0,121027.0,3.9000000954
538.0,2018.0,9.0,18.0,8.0,0.0,0.0,2.7000000477,539.0,116315.0,3.5999999046
539.0,2018.0,9.0,18.0,9.0,0.0,0.0,2.9000000954,515.0,113019.0,3.2000000477
540.0,2018.0,9.0,18.0,10.0,0.0,0.0,3.0,497.0,102999.0,3.4000000954
541.0,2018.0,9.0,18.0,11.0,0.0,0.0,3.0999999046,487.0,92959.0,4.0
542.0,2018.0,9.0,18.0,12.0,0.0,0.0,2.9000000954,483.0,85153.0,4.6999998093
543.0,2018.0,9.0,18.0,13.0,0.0,0.0,3.2000000477,484.0,90719.0,4.0999999046
544.0,2018.0,9.0,18.0,14.0,0.0,0.0,3.7000000477,478.0,109358.0,3.4000000954
545.0,2018.0,9.0,18.0,15.0,0.0,0.0,3.5,486.0,90306.0,4.4000000954
546.0,2018.0,9.0,18.0,16.0,0.0,0.0,3.9000000954,488.0,96787.0,3.9000000954
547.0,2018.0,9.0,18.0,17.0,0.0,0.0,3.0999999046,497.0,87371.0,4.5
548.0,2018.0,9.0,18.0,18.0,0.0,0.0,3.2999999523,498.0,96464.0,4.0999999046
549.0,2018.0,9.0,18.0,19.0,0.0,0.0,3.5,495.0,96976.0,4.0999999046
550.0,2018.0,9.0,18.0,20.0,0.0,0.0,3.7999999523,493.0,96109.0,3.9000000954
551.0,2018.0,9.0,18.0,21.0,0.0,0.0,3.7000000477,484.0,98677.0,4.0999999046
552.0,2018.0,9.0,18.0,22.0,0.0,0.0,3.7999999523,474.0,97577.0,3.7999999523
553.0,2018.0,9.0,18.0,23.0,0.0,0.0,3.9000000954,484.0,78166.0,4.0
554.0,2018.0,9.0,19.0,0.0,0.0,0.0,3.7000000477,484.0,75304.0,4.1999998093
555.0,2018.0,9.0,19.0,1.0,0.0,0.0,3.7999999523,474.0,73252.0,4.5
556.0,2018.0,9.0,19.0,2.0,0.0,0.0,3.2999999523,472.0,71810.0,4.4000000954
557.0,2018.0,9.0,19.0,3.0,0.0,0.0,3.0,458.0,74645.0,4.0
558.0,2018.0,9.0,19.0,4.0,0.0,0.0,2.9000000954,457.0,77826.0,3.7000000477
559.0,2018.0,9.0,19.0,5.0,0.0,0.0,2.9000000954,468.0,88104.0,2.5999999046
560.0,2018.0,9.0,19.0,6.0,0.0,0.0,2.5999999046,454.0,64200.0,3.2999999523
561.0,2018.0,9.0,19.0,7.0,0.0,0.0,2.4000000954,450.0,52098.0,3.2999999523
562.0,2018.0,9.0,19.0,8.0,0.0,0.0,2.2999999523,451.0,48944.0,3.5
563.0,2018.0,9.0,19.0,9.0,0.0,0.0,2.5,446.0,51618.0,3.7000000477
564.0,2018.0,9.0,19.0,10.0,0.0,0.0,2.5999999046,440.0,49031.0,3.9000000954
565.0,2018.0,9.0,19.0,11.0,0.0,0.0,2.5999999046,438.0,52049.0,4.1999998093
566.0,2018.0,9.0,19.0,12.0,0.0,0.0,2.7000000477,437.0,52663.0,4.3000001907
567.0,2018.0,9.0,19.0,13.0,0.0,0.0,2.5999999046,435.0,46292.0,4.0999999046
568.0,2018.0,9.0,19.0,14.0,0.0,0.0,2.9000000954,429.0,49227.0,4.1999998093
569.0,2018.0,9.0,19.0,15.0,0.0,0.0,3.0,429.0,49238.0,3.9000000954
570.0,2018.0,9.0,19.0,16.0,0.0,0.0,3.5999999046,418.0,62963.0,2.9000000954
571.0,2018.0,9.0,19.0,17.0,0.0,0.0,3.5,419.0,61531.0,2.9000000954
572.0,2018.0,9.0,19.0,18.0,0.0,0.0,3.2999999523,410.0,53579.0,3.2999999523
573.0,2018.0,9.0,19.0,19.0,0.0,0.0,3.0999999046,402.0,42132.0,3.5
574.0,2018.0,9.0,19.0,20.0,0.0,0.0,3.2999999523,402.0,54697.0,3.5999999046
575.0,2018.0,9.0,19.0,21.0,0.0,0.0,3.4000000954,399.0,52152.0,3.2999999523
576.0,2018.0,9.0,19.0,22.0,0.0,0.0,3.9000000954,395.0,59825.0,3.0999999046
577.0,2018.0,9.0,19.0,23.0,0.0,0.0,3.7000000477,398.0,57776.0,4.0
578.0,2018.0,9.0,20.0,0.0,0.0,0.0,4.0999999046,396.0,65404.0,3.9000000954
579.0,2018.0,9.0,20.0,1.0,0.0,0.0,2.5,402.0,58091.0,4.5
580.0,2018.0,9.0,20.0,2.0,0.0,0.0,2.2999999523,399.0,47928.0,4.3000001907
581.0,2018.0,9.0,20.0,3.0,0.0,0.0,2.5999999046,393.0,57282.0,3.9000000954
582.0,2018.0,9.0,20.0,4.0,0.0,0.0,3.2999999523,385.0,64853.0,2.9000000954
583.0,2018.0,9.0,20.0,5.0,0.0,0.0,3.0999999046,389.0,63128.0,2.5
584.0,2018.0,9.0,20.0,6.0,0.0,0.0,2.7999999523,379.0,62548.0,2.5999999046
585.0,2018.0,9.0,20.0,7.0,0.0,0.0,2.4000000954,377.0,45862.0,2.9000000954
586.0,2018.0,9.0,20.0,8.0,0.0,0.0,2.5,378.0,45891.0,2.9000000954
587.0,2018.0,9.0,20.0,9.0,0.0,0.0,3.0999999046,377.0,43693.0,2.5999999046
588.0,2018.0,9.0,20.0,10.0,0.0,0.0,3.2999999523,373.0,41014.0,2.5999999046
589.0,2018.0,9.0,20.0,11.0,0.0,0.0,3.7999999523,364.0,41422.0,2.5
590.0,2018.0,9.0,20.0,12.0,0.0,0.0,3.5999999046,365.0,33796.0,3.4000000954
591.0,2018.0,9.0,20.0,13.0,0.0,0.0,4.0999999046,365.0,33041.0,3.7000000477
592.0,2018.0,9.0,20.0,14.0,0.0,0.0,4.5,361.0,34725.0,3.9000000954
593.0,2018.0,9.0,20.0,15.0,0.0,0.0,4.5999999046,356.0,31130.0,3.5999999046
594.0,2018.0,9.0,20.0,16.0,0.0,0.0,4.5999999046,353.0,31250.0,3.0
595.0,2018.0,9.0,20.0,17.0,0.0,0.0,4.0999999046,346.0,28658.0,2.9000000954
596.0,2018.0,9.0,20.0,18.0,0.0,0.0,4.0,345.0,31682.0,2.7999999523
597.0,2018.0,9.0,20.0,19.0,0.0,0.0,4.5999999046,349.0,34892.0,2.2999999523
598.0,2018.0,9.0,20.0,20.0,0.0,0.0,3.0,343.0,39610.0,3.0
599.0,2018.0,9.0,20.0,21.0,0.0,0.0,3.7000000477,335.0,30459.0,2.5999999046
600.0,2018.0,9.0,20.0,22.0,0.0,0.0,4.1999998093,336.0,21110.0,2.5
601.0,2018.0,9.0,20.0,23.0,0.0,0.0,4.3000001907,332.0,23579.0,2.4000000954
602.0,2018.0,9.0,21.0,0.0,0.0,0.0,4.5999999046,327.0,23595.0,2.2000000477
603.0,2018.0,9.0,21.0,1.0,0.0,0.0,4.3000001907,325.0,24163.0,2.0999999046
604.0,2018.0,9.0,21.0,2.0,0.0,0.0,3.9000000954,323.0,23865.0,1.8999999762
605.0,2018.0,9.0,21.0,3.0,0.0,0.0,4.0999999046,327.0,22464.0,2.2999999523
606.0,2018.0,9.0,21.0,4.0,0.0,0.0,4.8000001907,322.0,24695.0,2.4000000954
607.0,2018.0,9.0,21.0,5.0,0.0,0.0,4.6999998093,324.0,28811.0,2.7000000477
608.0,2018.0,9.0,21.0,6.0,0.0,0.0,4.3000001907,332.0,27768.0,3.2999999523
609.0,2018.0,9.0,21.0,7.0,0.0,0.0,4.5999999046,338.0,20209.0,3.5
610.0,2018.0,9.0,21.0,8.0,0.0,0.0,6.1999998093,339.0,22039.0,3.0
611.0,2018.0,9.0,21.0,9.0,0.0,0.0,6.5,334.0,22263.0,3.0
612.0,2018.0,9.0,21.0,10.0,0.0,0.0,6.8000001907,331.0,20162.0,2.7999999523
613.0,2018.0,9.0,21.0,11.0,0.0,0.0,6.9000000954,336.0,20537.0,2.9000000954
614.0,2018.0,9.0,21.0,12.0,0.0,0.0,5.0999999046,335.0,27462.0,2.9000000954
615.0,2018.0,9.0,21.0,13.0,0.0,0.0,5.4000000954,335.0,31051.0,2.7999999523
616.0,2018.0,9.0,21.0,14.0,0.0,0.0,6.0,339.0,41758.0,2.2999999523
617.0,2018.0,9.0,21.0,15.0,0.0,0.0,7.5999999046,348.0,46603.0,3.7000000477
618.0,2018.0,9.0,21.0,16.0,0.0,0.0,10.899999619,362.0,56377.0,4.4000000954
619.0,2018.0,9.0,21.0,17.0,0.0,0.0,12.199999809,369.0,58938.0,4.5
620.0,2018.0,9.0,21.0,18.0,0.0,0.0,11.5,368.0,54629.0,5.5999999046
621.0,2018.0,9.0,21.0,19.0,0.0,0.0,15.699999809,370.0,40813.0,5.4000000954
622.0,2018.0,9.0,21.0,20.0,0.0,0.0,20.100000381,370.0,26662.0,5.6999998093
623.0,2018.0,9.0,21.0,21.0,0.0,0.0,20.5,369.0,21586.0,6.8000001907
624.0,2018.0,9.0,21.0,22.0,0.0,0.0,23.299999237,370.0,18249.0,8.0
625.0,2018.0,9.0,21.0,23.0,0.0,0.0,24.600000381,365.0,26111.0,8.0
626.0,2018.0,9.0,22.0,0.0,0.0,0.0,10.899999619,386.0,104710.0,8.6999998093
627.0,2018.0,9.0,22.0,1.0,0.0,0.0,9.6999998093,391.0,93867.0,9.1000003815
628.0,2018.0,9.0,22.0,2.0,0.0,0.0,9.8999996185,383.0,84349.0,9.1999998093
629.0,2018.0,9.0,22.0,3.0,0.0,0.0,9.1000003815,379.0,114298.0,8.1999998093
630.0,2018.0,9.0,22.0,4.0,0.0,0.0,12.5,381.0,62673.0,8.6999998093
631.0,2018.0,9.0,22.0,5.0,0.0,0.0,11.199999809,364.0,79843.0,8.3000001907
632.0,2018.0,9.0,22.0,6.0,0.0,0.0,10.399999619,373.0,93077.0,8.3000001907
633.0,2018.0,9.0,22.0,7.0,0.0,0.0,7.9000000954,377.0,114531.0,8.8999996185
634.0,2018.0,9.0,22.0,8.0,0.0,0.0,8.3999996185,389.0,137945.0,8.1000003815
635.0,2018.0,9.0,22.0,9.0,0.0,0.0,7.0999999046,417.0,111236.0,8.8000001907
636.0,2018.0,9.0,22.0,10.0,0.0,0.0,6.6999998093,434.0,103372.0,9.0
637.0,2018.0,9.0,22.0,11.0,0.0,0.0,4.4000000954,461.0,125699.0,10.100000381
638.0,2018.0,9.0,22.0,12.0,0.0,0.0,3.7999999523,471.0,117343.0,9.8000001907
639.0,2018.0,9.0,22.0,13.0,0.0,0.0,2.9000000954,488.0,93783.0,9.8000001907
640.0,2018.0,9.0,22.0,14.0,0.0,0.0,4.5999999046,501.0,156183.0,7.9000000954
641.0,2018.0,9.0,22.0,15.0,0.0,0.0,5.8000001907,533.0,224499.0,6.1999998093
642.0,2018.0,9.0,22.0,16.0,0.0,0.0,5.0,545.0,244035.0,6.4000000954
643.0,2018.0,9.0,22.0,17.0,0.0,0.0,4.9000000954,557.0,257005.0,5.9000000954
644.0,2018.0,9.0,22.0,18.0,0.0,0.0,4.9000000954,559.0,277510.0,5.3000001907
645.0,2018.0,9.0,22.0,19.0,0.0,0.0,5.5,553.0,264294.0,5.9000000954
646.0,2018.0,9.0,22.0,20.0,0.0,0.0,6.0999999046,549.0,270708.0,3.9000000954
647.0,2018.0,9.0,22.0,21.0,0.0,0.0,5.8000001907,544.0,264706.0,4.1999998093
648.0,2018.0,9.0,22.0,22.0,0.0,0.0,5.6999998093,529.0,214772.0,5.6999998093
649.0,2018.0,9.0,22.0,23.0,0.0,0.0,5.0,491.0,137008.0,6.6999998093
650.0,2018.0,9.0,23.0,0.0,0.0,0.0,5.1999998093,494.0,140818.0,6.3000001907
651.0,2018.0,9.0,23.0,1.0,0.0,0.0,5.0,477.0,123254.0,5.5
652.0,2018.0,9.0,23.0,2.0,0.0,0.0,5.8000001907,454.0,104986.0,5.6999998093
653.0,2018.0,9.0,23.0,3.0,0.0,0.0,6.9000000954,451.0,88577.0,5.4000000954
654.0,2018.0,9.0,23.0,4.0,0.0,0.0,6.0,453.0,72679.0,5.1999998093
655.0,2018.0,9.0,23.0,5.0,0.0,0.0,4.9000000954,442.0,48058.0,5.1999998093
656.0,2018.0,9.0,23.0,6.0,0.0,0.0,4.0999999046,445.0,23743.0,6.0999999046
657.0,2018.0,9.0,23.0,7.0,0.0,0.0,4.0,449.0,15018.0,6.0
658.0,2018.0,9.0,23.0,8.0,0.0,0.0,3.7999999523,442.0,29578.0,5.3000001907
659.0,2018.0,9.0,23.0,9.0,0.0,0.0,3.5999999046,450.0,18756.0,5.1999998093
660.0,2018.0,9.0,23.0,10.0,0.0,0.0,4.0,456.0,54858.0,6.1999998093
661.0,2018.0,9.0,23.0,11.0,0.0,0.0,3.9000000954,464.0,60278.0,7.5
662.0,2018.0,9.0,23.0,12.0,0.0,0.0,4.8000001907,459.0,57532.0,8.1999998093
663.0,2018.0,9.0,23.0,13.0,0.0,0.0,5.8000001907,454.0,18265.0,9.0
664.0,2018.0,9.0,23.0,14.0,0.0,0.0,5.9000000954,448.0,22893.0,9.6000003815
665.0,2018.0,9.0,23.0,15.0,0.0,0.0,6.5,454.0,31231.0,9.0
666.0,2018.0,9.0,23.0,16.0,0.0,0.0,9.6999998093,445.0,28877.0,8.3000001907
667.0,2018.0,9.0,23.0,17.0,0.0,0.0,9.5,433.0,31778.0,7.9000000954
668.0,2018.0,9.0,23.0,18.0,0.0,0.0,9.3000001907,427.0,37458.0,7.5
669.0,2018.0,9.0,23.0,19.0,0.0,0.0,4.5999999046,439.0,33030.0,7.5999999046
670.0,2018.0,9.0,23.0,20.0,0.0,0.0,3.9000000954,442.0,15495.0,7.8000001907
671.0,2018.0,9.0,23.0,21.0,0.0,0.0,4.0,437.0,14761.0,7.5999999046
672.0,2018.0,9.0,23.0,22.0,0.0,0.0,3.9000000954,438.0,14794.0,7.6999998093
673.0,2018.0,9.0,23.0,23.0,0.0,0.0,3.7999999523,440.0,27968.0,7.6999998093
674.0,2018.0,9.0,24.0,0.0,0.0,0.0,8.5,454.0,79329.0,5.5
675.0,2018.0,9.0,24.0,1.0,0.0,0.0,13.699999809,467.0,85461.0,4.0999999046
676.0,2018.0,9.0,24.0,2.0,0.0,0.0,15.399999619,481.0,66610.0,2.9000000954
677.0,2018.0,9.0,24.0,3.0,0.0,0.0,13.0,478.0,67105.0,3.0
678.0,2018.0,9.0,24.0,4.0,0.0,0.0,11.399999619,478.0,76287.0,4.4000000954
679.0,2018.0,9.0,24.0,5.0,0.0,0.0,13.5,483.0,73770.0,3.5999999046
680.0,2018.0,9.0,24.0,6.0,0.0,0.0,11.800000191,476.0,83772.0,3.2000000477
681.0,2018.0,9.0,24.0,7.0,0.0,0.0,9.5,474.0,78892.0,3.9000000954
682.0,2018.0,9.0,24.0,8.0,0.0,0.0,7.4000000954,458.0,84102.0,4.9000000954
683.0,2018.0,9.0,24.0,9.0,0.0,0.0,5.1999998093,463.0,64575.0,5.9000000954
684.0,2018.0,9.0,24.0,10.0,0.0,0.0,9.6000003815,437.0,86401.0,2.7000000477
685.0,2018.0,9.0,24.0,11.0,0.0,0.0,7.8000001907,422.0,108913.0,2.5999999046
686.0,2018.0,9.0,24.0,12.0,0.0,0.0,7.1999998093,416.0,98310.0,4.9000000954
687.0,2018.0,9.0,24.0,13.0,0.0,0.0,-9.9999998482e30,419.0,84225.0,6.8000001907
688.0,2018.0,9.0,24.0,14.0,0.0,0.0,15.0,437.0,49031.0,2.0
689.0,2018.0,9.0,24.0,15.0,0.0,0.0,14.199999809,438.0,39535.0,3.4000000954
690.0,2018.0,9.0,24.0,16.0,0.0,0.0,11.600000381,441.0,47890.0,3.5
691.0,2018.0,9.0,24.0,17.0,0.0,0.0,9.1999998093,439.0,57766.0,3.5
692.0,2018.0,9.0,24.0,18.0,0.0,0.0,7.0,428.0,72407.0,4.4000000954
693.0,2018.0,9.0,24.0,19.0,0.0,0.0,6.6999998093,429.0,62255.0,5.0999999046
694.0,2018.0,9.0,24.0,20.0,0.0,0.0,7.5,426.0,62837.0,4.5999999046
695.0,2018.0,9.0,24.0,21.0,0.0,0.0,6.5,428.0,56602.0,4.8000001907
696.0,2018.0,9.0,24.0,22.0,0.0,0.0,5.3000001907,416.0,43593.0,5.1999998093
697.0,2018.0,9.0,24.0,23.0,0.0,0.0,15.300000191,431.0,41339.0,2.5
698.0,2018.0,9.0,25.0,0.0,0.0,0.0,18.299999237,430.0,37976.0,2.7000000477
699.0,2018.0,9.0,25.0,1.0,0.0,0.0,18.799999237,431.0,34477.0,2.9000000954
700.0,2018.0,9.0,25.0,2.0,0.0,0.0,18.799999237,433.0,32325.0,1.7999999523
701.0,2018.0,9.0,25.0,3.0,0.0,0.0,20.5,428.0,34546.0,2.2999999523
702.0,2018.0,9.0,25.0,4.0,0.0,0.0,19.600000381,425.0,42132.0,3.0999999046
703.0,2018.0,9.0,25.0,5.0,0.0,0.0,15.5,426.0,47700.0,4.0999999046
704.0,2018.0,9.0,25.0,6.0,0.0,0.0,14.0,429.0,43018.0,4.5999999046
705.0,2018.0,9.0,25.0,7.0,0.0,0.0,16.100000381,438.0,46033.0,3.7000000477
706.0,2018.0,9.0,25.0,8.0,0.0,0.0,14.800000191,434.0,54716.0,4.0999999046
707.0,2018.0,9.0,25.0,9.0,0.0,0.0,16.200000763,432.0,63873.0,4.1999998093
708.0,2018.0,9.0,25.0,10.0,0.0,0.0,17.100000381,428.0,70750.0,4.6999998093
709.0,2018.0,9.0,25.0,11.0,0.0,0.0,14.5,414.0,64073.0,6.1999998093
710.0,2018.0,9.0,25.0,12.0,0.0,0.0,21.899999619,418.0,42873.0,3.0
711.0,2018.0,9.0,25.0,13.0,0.0,0.0,20.700000763,418.0,53800.0,2.2000000477
712.0,2018.0,9.0,25.0,14.0,0.0,0.0,14.800000191,424.0,74677.0,5.0999999046
713.0,2018.0,9.0,25.0,15.0,0.0,0.0,10.5,421.0,86677.0,6.8000001907
714.0,2018.0,9.0,25.0,16.0,0.0,0.0,7.1999998093,413.0,74345.0,7.0999999046
715.0,2018.0,9.0,25.0,17.0,0.0,0.0,7.1999998093,405.0,65772.0,6.8000001907
716.0,2018.0,9.0,25.0,18.0,0.0,0.0,8.1999998093,413.0,66736.0,6.5999999046
717.0,2018.0,9.0,25.0,19.0,0.0,0.0,7.0,416.0,80272.0,6.4000000954
718.0,2018.0,9.0,25.0,20.0,0.0,0.0,6.5,414.0,84677.0,6.5999999046
719.0,2018.0,9.0,25.0,21.0,0.0,0.0,6.1999998093,413.0,77617.0,6.5999999046
720.0,2018.0,9.0,25.0,22.0,0.0,0.0,6.1999998093,415.0,86027.0,6.1999998093
